-- import to SQLite by running: sqlite3.exe db.sqlite3 -init sqlite.sql

PRAGMA journal_mode = MEMORY;
PRAGMA synchronous = OFF;
PRAGMA foreign_keys = OFF;
PRAGMA ignore_check_constraints = OFF;
PRAGMA auto_vacuum = NONE;
PRAGMA secure_delete = OFF;
BEGIN TRANSACTION;


CREATE TABLE `dailytime` (
`employeeID` TEXT NOT NULL,
`date` date NOT NULL,
`clockIn` timestamp NULL DEFAULT NULL,
`clockOut` timestamp NULL DEFAULT NULL,
`type` text NOT NULL,
`lateHrs` float DEFAULT '0'
);

CREATE TABLE `deduction` (
`deductionID` TEXT NOT NULL,
`employeeID` TEXT NOT NULL,
`deductDate` date NOT NULL,
`deduct` float NOT NULL,
PRIMARY KEY (`deductionID`,`employeeID`,`deductDate`),
FOREIGN KEY (`deductionID`) REFERENCES `deductiontype` (`deductionID`) ON DELETE CASCADE ON UPDATE CASCADE,
FOREIGN KEY (`employeeID`) REFERENCES `information` (`employeeID`) ON DELETE CASCADE ON UPDATE CASCADE
);

CREATE TABLE `deductiontype` (
`deductionID` TEXT NOT NULL,
`deductionType` text NOT NULL,
`description` text,
PRIMARY KEY (`deductionID`)
);

CREATE TABLE `department` (
`departmentID` char(5) NOT NULL,
`departmentName` text NOT NULL,
`manager` text NOT NULL,
`phoneNumber` text,
`email` text,
PRIMARY KEY (`departmentID`)
);

CREATE TABLE `document` (
`documentID` TEXT NOT NULL,
`documentName` text NOT NULL,
PRIMARY KEY (`documentID`)
);

CREATE TABLE `documentrequest` (
`requestID` TEXT NOT NULL,
`documentID` TEXT NOT NULL,
`employeeID` TEXT NOT NULL,
`purpose` text NOT NULL,
`requestDate` timestamp NOT NULL ,
`status` text NOT NULL,
PRIMARY KEY (`requestID`),
FOREIGN KEY (`employeeID`) REFERENCES `information` (`employeeID`) ON DELETE CASCADE ON UPDATE CASCADE,
FOREIGN KEY (`documentID`) REFERENCES `document` (`documentID`) ON DELETE CASCADE ON UPDATE CASCADE
);

CREATE TABLE `education` (
`employeeID` TEXT NOT NULL,
`universityName` text,
`major` text,
`graduatedYear` year(4) DEFAULT NULL,
`GPAX` float DEFAULT NULL,
PRIMARY KEY (`employeeID`),
FOREIGN KEY (`employeeID`) REFERENCES `information` (`employeeID`) ON DELETE CASCADE ON UPDATE CASCADE
);

CREATE TABLE `information` (
`employeeID` TEXT NOT NULL DEFAULT '',
`roleID` TEXT DEFAULT NULL,
`identificationNo` char(13) NOT NULL,
`firstName` text NOT NULL,
`lastName` text NOT NULL,
`DOB` date NOT NULL,
`sex` text NOT NULL,
`phoneNumber` text NOT NULL,
`email` text NOT NULL,
`address` text NOT NULL,
`photo` TEXT DEFAULT NULL,
`sickRemain` INTEGER DEFAULT '60',
`personalRemain` INTEGER DEFAULT '45',
`vacationRemain` INTEGER DEFAULT '10',
`maternityRemain` INTEGER DEFAULT '90',
`passwordHash` text NOT NULL,
`bankName` text NOT NULL,
`bankAccount` text NOT NULL,
PRIMARY KEY (`employeeID`),
FOREIGN KEY (`roleID`) REFERENCES `userrole` (`roleID`) ON DELETE CASCADE ON UPDATE CASCADE
);

CREATE TABLE `leaveapplication` (
`bookingID` TEXT NOT NULL,
`employeeID` TEXT NOT NULL,
`leaveID` TEXT NOT NULL,
`bookingDate` timestamp NOT NULL ,
`reason` TEXT NOT NULL,
`document` TEXT NOT NULL,
`startDate` datetime NOT NULL,
`endDate` datetime NOT NULL,
`status` text NOT NULL,
PRIMARY KEY (`bookingID`),
FOREIGN KEY (`employeeID`) REFERENCES `information` (`employeeID`) ON DELETE CASCADE ON UPDATE CASCADE,
FOREIGN KEY (`leaveID`) REFERENCES `leavetype` (`leaveID`) ON DELETE CASCADE ON UPDATE CASCADE
);

CREATE TABLE `leavebooking` (
`bookingID` TEXT NOT NULL,
`confirmation` text NOT NULL,
`managerNote` text,
PRIMARY KEY (`bookingID`),
FOREIGN KEY (`bookingID`) REFERENCES `leaveapplication` (`bookingID`) ON DELETE CASCADE ON UPDATE CASCADE
);

CREATE TABLE `leavetype` (
`leaveID` TEXT NOT NULL,
`leaveName` text NOT NULL,
`dayAvailable` INTEGER NOT NULL,
PRIMARY KEY (`leaveID`)
);

CREATE TABLE `monthlypayslip` (
`employeeID` TEXT NOT NULL,
`month` date NOT NULL,
`transferor` text NOT NULL,
PRIMARY KEY (`employeeID`,`month`),
FOREIGN KEY (`employeeID`) REFERENCES `information` (`employeeID`) ON DELETE CASCADE ON UPDATE CASCADE
);

CREATE TABLE `notification` (
`notificationID` TEXT NOT NULL,
`senderID` TEXT NOT NULL,
`status` text NOT NULL,
`date` date NOT NULL,
`content` text NOT NULL,
`title` text NOT NULL,
PRIMARY KEY (`notificationID`),
FOREIGN KEY (`senderID`) REFERENCES `information` (`employeeID`)
);

CREATE TABLE `overtime` (
`employeeID` TEXT NOT NULL,
`clockOut` timestamp NOT NULL ,
`positionID` char(5) NOT NULL,
PRIMARY KEY (`employeeID`,`clockOut`),
FOREIGN KEY (`positionID`) REFERENCES `position` (`positionID`) ON DELETE CASCADE ON UPDATE CASCADE,
FOREIGN KEY (`employeeID`) REFERENCES `information` (`employeeID`)
);

CREATE TABLE `position` (
`positionID` char(5) NOT NULL,
`departmentID` char(5) NOT NULL,
`positionName` text NOT NULL,
`salary` float NOT NULL,
`clockIn` time NOT NULL,
`clockOut` time NOT NULL,
PRIMARY KEY (`positionID`),
FOREIGN KEY (`departmentID`) REFERENCES `department` (`departmentID`)
);

CREATE TABLE `promotionhistory` (
`employeeID` TEXT NOT NULL,
`positionName` TEXT NOT NULL,
`startDate` date NOT NULL,
`stopDate` date DEFAULT NULL,
`salary` float NOT NULL,
PRIMARY KEY (`employeeID`,`positionName`),
FOREIGN KEY (`employeeID`) REFERENCES `information` (`employeeID`) ON DELETE CASCADE ON UPDATE CASCADE
);

CREATE TABLE `requestbooking` (
`requestID` TEXT NOT NULL,
`confirmationDate` timestamp NOT NULL ,
`status` text NOT NULL,
`managerNote` text,
PRIMARY KEY (`requestID`),
FOREIGN KEY (`requestID`) REFERENCES `documentrequest` (`requestID`) ON DELETE CASCADE ON UPDATE CASCADE
);

CREATE TABLE `userrole` (
`roleID` TEXT NOT NULL,
`roleName` text NOT NULL,
PRIMARY KEY (`roleID`)
);
INSERT INTO `dailytime` (`employeeID`, `date`, `clockIn`, `clockOut`, `type`, `lateHrs`) VALUES
('1ac39e28-8e18-4a54-b56a-14a53fac104c', '2022-03-01', '2022-03-01 07:54:02', '2022-03-01 17:02:03', 'normal', 0),
('1ac39e28-8e18-4a54-b56a-14a53fac104c', '2022-03-02', '2022-03-02 07:54:02', '2022-03-02 17:02:03', 'normal', 0),
('1ac39e28-8e18-4a54-b56a-14a53fac104c', '2022-03-03', '2022-03-03 07:54:02', '2022-03-03 17:02:03', 'normal', 0),
('1ac39e28-8e18-4a54-b56a-14a53fac104c', '2022-03-04', '2022-03-04 08:12:02', '2022-03-04 17:02:03', 'late', 0.12),
('1ac39e28-8e18-4a54-b56a-14a53fac104c', '2022-03-05', '2022-03-05 07:54:02', '2022-03-05 17:02:03', 'normal', 0),
('1ac39e28-8e18-4a54-b56a-14a53fac104c', '2022-03-08', '2022-03-08 08:08:02', '2022-03-08 17:02:03', 'late', 0.08),
('1ac39e28-8e18-4a54-b56a-14a53fac104c', '2022-03-09', '2022-03-09 07:54:02', '2022-03-09 20:00:03', 'normal', 0),
('1ac39e28-8e18-4a54-b56a-14a53fac104c', '2022-03-10', '2022-03-10 07:54:02', '2022-03-10 17:02:03', 'normal', 0),
('1ac39e28-8e18-4a54-b56a-14a53fac104c', '2022-03-11', '2022-03-11 07:54:02', '2022-03-11 17:02:03', 'normal', 0),
('1ac39e28-8e18-4a54-b56a-14a53fac104c', '2022-03-12', '2022-03-12 07:54:02', '2022-03-12 17:02:03', 'normal', 0),
('1ac39e28-8e18-4a54-b56a-14a53fac104c', '2022-03-15', '2022-03-15 07:54:02', '2022-03-15 16:05:03', 'earlyLeave', 0.55),
('1ac39e28-8e18-4a54-b56a-14a53fac104c', '2022-03-16', '2022-03-16 08:23:02', '2022-03-16 17:02:03', 'late', 0.23),
('1ac39e28-8e18-4a54-b56a-14a53fac104c', '2022-03-17', '2022-03-17 07:54:02', '2022-03-17 17:02:03', 'normal', 0),
('1ac39e28-8e18-4a54-b56a-14a53fac104c', '2022-03-18', '2022-03-18 07:54:02', '2022-03-18 17:02:03', 'normal', 0),
('1ac39e28-8e18-4a54-b56a-14a53fac104c', '2022-03-19', '2022-03-19 07:54:02', '2022-03-19 17:02:03', 'normal', 0),
('1ac39e28-8e18-4a54-b56a-14a53fac104c', '2022-03-22', '2022-03-22 07:54:02', '2022-03-22 17:02:03', 'absent', 0),
('1ac39e28-8e18-4a54-b56a-14a53fac104c', '2022-03-23', '2022-03-23 08:14:02', '2022-03-23 17:02:03', 'late', 0.14),
('1ac39e28-8e18-4a54-b56a-14a53fac104c', '2022-03-24', '2022-03-24 07:54:02', '2022-03-24 17:02:03', 'normal', 0),
('1ac39e28-8e18-4a54-b56a-14a53fac104c', '2022-03-25', '2022-03-25 08:03:02', '2022-03-25 17:02:03', 'late', 0.03),
('1ac39e28-8e18-4a54-b56a-14a53fac104c', '2022-03-26', '2022-03-26 07:54:02', '2022-03-26 16:10:03', 'earlyLeave', 0.5),
('1ac39e28-8e18-4a54-b56a-14a53fac104c', '2022-03-29', '2022-03-29 07:54:02', '2022-03-29 21:00:03', 'normal', 0),
('1ac39e28-8e18-4a54-b56a-14a53fac104c', '2022-03-30', '2022-03-30 07:54:02', '2022-03-30 17:02:03', 'normal', 0),
('1ac39e28-8e18-4a54-b56a-14a53fac104c', '2022-04-01', '2022-04-01 07:54:02', '2022-04-01 17:02:03', 'normal', 0),
('1ac39e28-8e18-4a54-b56a-14a53fac104c', '2022-04-02', '2022-04-02 08:12:02', '2022-04-02 17:02:03', 'late', 0.12),
('1ac39e28-8e18-4a54-b56a-14a53fac104c', '2022-04-03', '2022-04-03 07:54:02', '2022-04-03 17:02:03', 'normal', 0),
('1ac39e28-8e18-4a54-b56a-14a53fac104c', '2022-04-06', '2022-04-06 08:08:02', '2022-04-06 17:02:03', 'late', 0.08),
('1ac39e28-8e18-4a54-b56a-14a53fac104c', '2022-04-07', '2022-04-07 07:54:02', '2022-04-07 17:02:03', 'normal', 0),
('1ac39e28-8e18-4a54-b56a-14a53fac104c', '2022-04-08', '2022-04-08 07:54:02', '2022-04-08 20:00:03', 'normal', 0),
('1ac39e28-8e18-4a54-b56a-14a53fac104c', '2022-04-09', '2022-04-09 07:54:02', '2022-04-09 17:02:03', 'normal', 0),
('1ac39e28-8e18-4a54-b56a-14a53fac104c', '2022-04-10', '2022-04-10 07:54:02', '2022-04-10 17:02:03', 'normal', 0),
('1ac39e28-8e18-4a54-b56a-14a53fac104c', '2022-04-13', '2022-04-13 07:54:02', '2022-04-13 16:05:03', 'earlyLeave', 0.55),
('1ac39e28-8e18-4a54-b56a-14a53fac104c', '2022-04-14', '2022-04-14 08:23:02', '2022-04-14 17:02:03', 'late', 0.23),
('1ac39e28-8e18-4a54-b56a-14a53fac104c', '2022-04-15', '2022-04-15 07:54:02', '2022-04-15 17:02:03', 'normal', 0),
('1ac39e28-8e18-4a54-b56a-14a53fac104c', '2022-04-16', '2022-04-16 07:54:02', '2022-04-16 17:02:03', 'normal', 0),
('1ac39e28-8e18-4a54-b56a-14a53fac104c', '2022-04-17', '2022-04-17 07:54:02', '2022-04-17 17:02:03', 'normal', 0),
('1ac39e28-8e18-4a54-b56a-14a53fac104c', '2022-04-20', '2022-04-20 07:54:02', '2022-04-20 17:02:03', 'normal', 0),
('1ac39e28-8e18-4a54-b56a-14a53fac104c', '2022-04-21', '2022-04-21 08:14:02', '2022-04-21 17:02:03', 'late', 0.14),
('1ac39e28-8e18-4a54-b56a-14a53fac104c', '2022-04-22', '2022-04-22 07:54:02', '2022-04-22 17:02:03', 'normal', 0),
('1ac39e28-8e18-4a54-b56a-14a53fac104c', '2022-04-23', '2022-04-23 08:03:02', '2022-04-23 17:02:03', 'late', 0.03),
('1ac39e28-8e18-4a54-b56a-14a53fac104c', '2022-04-24', '2022-04-24 07:54:02', '2022-04-24 16:10:03', 'earlyLeave', 0.5),
('1b08fc14-d18c-4738-ba76-287285ab79d2', '2022-03-01', '2022-03-01 07:54:02', '2022-03-01 17:02:03', 'normal', 0),
('1b08fc14-d18c-4738-ba76-287285ab79d2', '2022-03-02', '2022-03-02 07:54:02', '2022-03-02 16:32:03', 'earlyLeave', 0.28),
('1b08fc14-d18c-4738-ba76-287285ab79d2', '2022-03-03', '2022-03-03 08:24:02', '2022-03-03 17:02:03', 'late', 0.24),
('1b08fc14-d18c-4738-ba76-287285ab79d2', '2022-03-04', '2022-03-04 07:54:02', '2022-03-04 20:00:03', 'normal', 0),
('1b08fc14-d18c-4738-ba76-287285ab79d2', '2022-03-05', '2022-03-05 07:54:02', '2022-03-05 17:02:03', 'normal', 0),
('1b08fc14-d18c-4738-ba76-287285ab79d2', '2022-03-08', '2022-03-08 07:54:02', '2022-03-08 17:02:03', 'normal', 0),
('1b08fc14-d18c-4738-ba76-287285ab79d2', '2022-03-09', '2022-03-09 07:54:02', '2022-03-09 17:02:03', 'normal', 0),
('1b08fc14-d18c-4738-ba76-287285ab79d2', '2022-03-10', '2022-03-10 08:03:02', '2022-03-10 17:02:03', 'late', 0.03),
('1b08fc14-d18c-4738-ba76-287285ab79d2', '2022-03-11', '2022-03-11 07:54:02', '2022-03-11 17:02:03', 'normal', 0),
('1b08fc14-d18c-4738-ba76-287285ab79d2', '2022-03-12', '2022-03-12 07:54:02', '2022-03-12 17:02:03', 'normal', 0),
('1b08fc14-d18c-4738-ba76-287285ab79d2', '2022-03-15', '2022-03-15 07:54:02', '2022-03-15 17:02:03', 'normal', 0),
('1b08fc14-d18c-4738-ba76-287285ab79d2', '2022-03-16', '2022-03-16 07:54:02', '2022-03-16 17:02:03', 'normal', 0),
('1b08fc14-d18c-4738-ba76-287285ab79d2', '2022-03-17', '2022-03-17 08:14:02', '2022-03-17 17:02:03', 'late', 0.14),
('1b08fc14-d18c-4738-ba76-287285ab79d2', '2022-03-18', '2022-03-18 07:54:02', '2022-03-18 17:02:03', 'normal', 0),
('1b08fc14-d18c-4738-ba76-287285ab79d2', '2022-03-19', '2022-03-19 07:54:02', '2022-03-19 17:02:03', 'normal', 0),
('1b08fc14-d18c-4738-ba76-287285ab79d2', '2022-03-22', '2022-03-22 08:10:02', '2022-03-22 17:02:03', 'late', 0.1),
('1b08fc14-d18c-4738-ba76-287285ab79d2', '2022-03-23', '2022-03-23 07:54:02', '2022-03-23 17:02:03', 'normal', 0),
('1b08fc14-d18c-4738-ba76-287285ab79d2', '2022-03-24', '2022-03-24 07:54:02', '2022-03-24 20:00:03', 'normal', 0),
('1b08fc14-d18c-4738-ba76-287285ab79d2', '2022-03-25', '2022-03-25 07:54:02', '2022-03-25 17:02:03', 'normal', 0),
('1b08fc14-d18c-4738-ba76-287285ab79d2', '2022-03-26', '2022-03-26 07:54:02', '2022-03-26 17:02:03', 'normal', 0),
('1b08fc14-d18c-4738-ba76-287285ab79d2', '2022-03-29', '2022-03-29 07:54:02', '2022-03-29 17:02:03', 'normal', 0),
('1b08fc14-d18c-4738-ba76-287285ab79d2', '2022-03-30', '2022-03-30 07:54:02', '2022-03-30 16:32:03', 'earlyLeave', 0.28),
('1b08fc14-d18c-4738-ba76-287285ab79d2', '2022-04-01', '2022-04-01 08:24:02', '2022-04-01 17:02:03', 'late', 0.24),
('1b08fc14-d18c-4738-ba76-287285ab79d2', '2022-04-02', '2022-04-02 07:54:02', '2022-04-02 17:02:03', 'normal', 0),
('1b08fc14-d18c-4738-ba76-287285ab79d2', '2022-04-03', '2022-04-03 07:54:02', '2022-04-03 17:02:03', 'normal', 0),
('1b08fc14-d18c-4738-ba76-287285ab79d2', '2022-04-06', '2022-04-06 07:54:02', '2022-04-06 17:02:03', 'normal', 0),
('1b08fc14-d18c-4738-ba76-287285ab79d2', '2022-04-07', '2022-04-07 07:54:02', '2022-04-07 17:02:03', 'normal', 0),
('1b08fc14-d18c-4738-ba76-287285ab79d2', '2022-04-08', '2022-04-08 08:03:02', '2022-04-08 17:02:03', 'late', 0.03),
('1b08fc14-d18c-4738-ba76-287285ab79d2', '2022-04-09', '2022-04-09 07:54:02', '2022-04-09 17:02:03', 'normal', 0),
('1b08fc14-d18c-4738-ba76-287285ab79d2', '2022-04-10', '2022-04-10 07:54:02', '2022-04-10 17:02:03', 'normal', 0),
('1b08fc14-d18c-4738-ba76-287285ab79d2', '2022-04-13', '2022-04-13 07:54:02', '2022-04-13 21:00:03', 'normal', 0),
('1b08fc14-d18c-4738-ba76-287285ab79d2', '2022-04-14', '2022-04-14 07:54:02', '2022-04-14 17:02:03', 'normal', 0),
('1b08fc14-d18c-4738-ba76-287285ab79d2', '2022-04-15', '2022-04-15 08:14:02', '2022-04-15 17:02:03', 'late', 0.14),
('1b08fc14-d18c-4738-ba76-287285ab79d2', '2022-04-16', '2022-04-16 07:54:02', '2022-04-16 17:02:03', 'normal', 0),
('1b08fc14-d18c-4738-ba76-287285ab79d2', '2022-04-17', '2022-04-17 07:54:02', '2022-04-17 20:00:03', 'normal', 0),
('1b08fc14-d18c-4738-ba76-287285ab79d2', '2022-04-20', '2022-04-20 08:10:02', '2022-04-20 17:02:03', 'late', 0.1),
('1b08fc14-d18c-4738-ba76-287285ab79d2', '2022-04-21', '2022-04-21 07:54:02', '2022-04-21 17:02:03', 'normal', 0),
('1b08fc14-d18c-4738-ba76-287285ab79d2', '2022-04-22', '2022-04-22 07:54:02', '2022-04-22 17:02:03', 'absent', 0),
('1b08fc14-d18c-4738-ba76-287285ab79d2', '2022-04-23', '2022-04-23 07:54:02', '2022-04-23 17:02:03', 'normal', 0),
('1b08fc14-d18c-4738-ba76-287285ab79d2', '2022-04-24', '2022-04-24 07:54:02', '2022-04-24 17:02:03', 'normal', 0),
('1b9d6bcd-bbfd-4b2d-9b5d-ab8dfbbd4bed', '2022-03-01', '2022-03-01 07:54:02', '2022-03-01 17:02:03', 'normal', 0),
('1b9d6bcd-bbfd-4b2d-9b5d-ab8dfbbd4bed', '2022-03-02', '2022-03-02 07:54:02', '2022-03-02 17:02:03', 'normal', 0),
('1b9d6bcd-bbfd-4b2d-9b5d-ab8dfbbd4bed', '2022-03-03', '2022-03-03 07:54:02', '2022-03-03 17:02:03', 'normal', 0),
('1b9d6bcd-bbfd-4b2d-9b5d-ab8dfbbd4bed', '2022-03-04', '2022-03-04 07:54:02', '2022-03-04 17:02:03', 'normal', 0),
('1b9d6bcd-bbfd-4b2d-9b5d-ab8dfbbd4bed', '2022-03-05', '2022-03-05 08:04:02', '2022-03-05 17:02:03', 'late', 0.04),
('1b9d6bcd-bbfd-4b2d-9b5d-ab8dfbbd4bed', '2022-03-08', '2022-03-08 07:54:02', '2022-03-08 17:02:03', 'normal', 0),
('1b9d6bcd-bbfd-4b2d-9b5d-ab8dfbbd4bed', '2022-03-09', '2022-03-09 07:54:02', '2022-03-09 17:02:03', 'normal', 0),
('1b9d6bcd-bbfd-4b2d-9b5d-ab8dfbbd4bed', '2022-03-10', '2022-03-10 07:54:02', '2022-03-10 17:02:03', 'normal', 0),
('1b9d6bcd-bbfd-4b2d-9b5d-ab8dfbbd4bed', '2022-03-11', '2022-03-11 07:54:02', '2022-03-11 17:02:03', 'normal', 0),
('1b9d6bcd-bbfd-4b2d-9b5d-ab8dfbbd4bed', '2022-03-12', '2022-03-12 07:54:02', '2022-03-12 17:02:03', 'normal', 0),
('1b9d6bcd-bbfd-4b2d-9b5d-ab8dfbbd4bed', '2022-03-15', '2022-03-15 08:11:02', '2022-03-15 17:02:03', 'late', 0.11),
('1b9d6bcd-bbfd-4b2d-9b5d-ab8dfbbd4bed', '2022-03-16', '2022-03-16 08:06:02', '2022-03-16 17:02:03', 'late', 0.06),
('1b9d6bcd-bbfd-4b2d-9b5d-ab8dfbbd4bed', '2022-03-17', '2022-03-17 07:54:02', '2022-03-17 17:02:03', 'normal', 0),
('1b9d6bcd-bbfd-4b2d-9b5d-ab8dfbbd4bed', '2022-03-18', '2022-03-18 07:54:02', '2022-03-18 17:02:03', 'normal', 0),
('1b9d6bcd-bbfd-4b2d-9b5d-ab8dfbbd4bed', '2022-03-19', '2022-03-19 07:54:02', '2022-03-19 17:02:03', 'normal', 0),
('1b9d6bcd-bbfd-4b2d-9b5d-ab8dfbbd4bed', '2022-03-22', '2022-03-22 07:54:02', '2022-03-22 16:34:03', 'earlyLeave', 0.26),
('1b9d6bcd-bbfd-4b2d-9b5d-ab8dfbbd4bed', '2022-03-23', '2022-03-23 07:54:02', '2022-03-23 16:45:03', 'earlyLeave', 0.15),
('1b9d6bcd-bbfd-4b2d-9b5d-ab8dfbbd4bed', '2022-03-24', '2022-03-24 08:32:02', '2022-03-24 17:02:03', 'late', 0.32),
('1b9d6bcd-bbfd-4b2d-9b5d-ab8dfbbd4bed', '2022-03-25', '2022-03-25 07:54:02', '2022-03-25 17:02:03', 'normal', 0),
('1b9d6bcd-bbfd-4b2d-9b5d-ab8dfbbd4bed', '2022-03-26', '2022-03-26 07:54:02', '2022-03-26 17:02:03', 'normal', 0),
('1b9d6bcd-bbfd-4b2d-9b5d-ab8dfbbd4bed', '2022-03-29', '2022-03-29 07:54:02', '2022-03-29 21:00:03', 'normal', 0),
('1b9d6bcd-bbfd-4b2d-9b5d-ab8dfbbd4bed', '2022-03-30', '2022-03-30 07:54:02', '2022-03-30 17:02:03', 'normal', 0),
('1b9d6bcd-bbfd-4b2d-9b5d-ab8dfbbd4bed', '2022-04-01', '2022-04-01 07:54:02', '2022-04-01 20:00:03', 'normal', 0),
('1b9d6bcd-bbfd-4b2d-9b5d-ab8dfbbd4bed', '2022-04-02', '2022-04-02 08:12:02', '2022-04-02 17:02:03', 'late', 0.12),
('1b9d6bcd-bbfd-4b2d-9b5d-ab8dfbbd4bed', '2022-04-03', '2022-04-03 07:54:02', '2022-04-03 17:02:03', 'normal', 0),
('1b9d6bcd-bbfd-4b2d-9b5d-ab8dfbbd4bed', '2022-04-06', '2022-04-06 08:08:02', '2022-04-06 17:02:03', 'late', 0.08),
('1b9d6bcd-bbfd-4b2d-9b5d-ab8dfbbd4bed', '2022-04-07', '2022-04-07 07:54:02', '2022-04-07 17:02:03', 'normal', 0),
('1b9d6bcd-bbfd-4b2d-9b5d-ab8dfbbd4bed', '2022-04-08', '2022-04-08 07:54:02', '2022-04-08 17:02:03', 'absent', 0),
('1b9d6bcd-bbfd-4b2d-9b5d-ab8dfbbd4bed', '2022-04-09', '2022-04-09 07:54:02', '2022-04-09 17:02:03', 'normal', 0),
('1b9d6bcd-bbfd-4b2d-9b5d-ab8dfbbd4bed', '2022-04-10', '2022-04-10 07:54:02', '2022-04-10 17:02:03', 'normal', 0),
('1b9d6bcd-bbfd-4b2d-9b5d-ab8dfbbd4bed', '2022-04-13', '2022-04-13 07:54:02', '2022-04-13 16:05:03', 'earlyLeave', 0.55),
('1b9d6bcd-bbfd-4b2d-9b5d-ab8dfbbd4bed', '2022-04-14', '2022-04-14 08:23:02', '2022-04-14 17:02:03', 'late', 0.23),
('1b9d6bcd-bbfd-4b2d-9b5d-ab8dfbbd4bed', '2022-04-15', '2022-04-15 07:54:02', '2022-04-15 17:02:03', 'normal', 0),
('1b9d6bcd-bbfd-4b2d-9b5d-ab8dfbbd4bed', '2022-04-16', '2022-04-16 07:54:02', '2022-04-16 17:02:03', 'normal', 0),
('1b9d6bcd-bbfd-4b2d-9b5d-ab8dfbbd4bed', '2022-04-17', '2022-04-17 07:54:02', '2022-04-17 17:02:03', 'normal', 0),
('1b9d6bcd-bbfd-4b2d-9b5d-ab8dfbbd4bed', '2022-04-20', '2022-04-20 07:54:02', '2022-04-20 17:02:03', 'normal', 0),
('1b9d6bcd-bbfd-4b2d-9b5d-ab8dfbbd4bed', '2022-04-21', '2022-04-21 08:14:02', '2022-04-21 17:02:03', 'late', 0.14),
('1b9d6bcd-bbfd-4b2d-9b5d-ab8dfbbd4bed', '2022-04-22', '2022-04-22 07:54:02', '2022-04-22 17:02:03', 'normal', 0),
('1b9d6bcd-bbfd-4b2d-9b5d-ab8dfbbd4bed', '2022-04-23', '2022-04-23 08:03:02', '2022-04-23 17:02:03', 'late', 0.03),
('1b9d6bcd-bbfd-4b2d-9b5d-ab8dfbbd4bed', '2022-04-24', '2022-04-24 07:54:02', '2022-04-24 16:10:03', 'earlyLeave', 0.5),
('2097752a-c861-4106-a2f0-83cf91797291', '2022-03-01', '2022-03-01 07:54:02', '2022-03-01 17:02:03', 'normal', 0),
('2097752a-c861-4106-a2f0-83cf91797291', '2022-03-02', '2022-03-02 07:54:02', '2022-03-02 17:02:03', 'normal', 0),
('2097752a-c861-4106-a2f0-83cf91797291', '2022-03-03', '2022-03-03 08:13:02', '2022-03-03 17:02:03', 'late', 0.13),
('2097752a-c861-4106-a2f0-83cf91797291', '2022-03-04', '2022-03-04 07:54:02', '2022-03-04 17:02:03', 'normal', 0),
('2097752a-c861-4106-a2f0-83cf91797291', '2022-03-05', '2022-03-05 08:04:02', '2022-03-05 17:02:03', 'late', 0.04),
('2097752a-c861-4106-a2f0-83cf91797291', '2022-03-08', '2022-03-08 07:54:02', '2022-03-08 21:00:03', 'normal', 0),
('2097752a-c861-4106-a2f0-83cf91797291', '2022-03-09', '2022-03-09 07:54:02', '2022-03-09 17:02:03', 'normal', 0),
('2097752a-c861-4106-a2f0-83cf91797291', '2022-03-10', '2022-03-10 07:54:02', '2022-03-10 17:02:03', 'normal', 0),
('2097752a-c861-4106-a2f0-83cf91797291', '2022-03-11', '2022-03-11 08:24:02', '2022-03-11 17:02:03', 'late', 0.24),
('2097752a-c861-4106-a2f0-83cf91797291', '2022-03-12', '2022-03-12 07:54:02', '2022-03-12 17:02:03', 'normal', 0),
('2097752a-c861-4106-a2f0-83cf91797291', '2022-03-15', '2022-03-15 07:54:02', '2022-03-15 17:02:03', 'normal', 0),
('2097752a-c861-4106-a2f0-83cf91797291', '2022-03-16', '2022-03-16 07:54:02', '2022-03-16 17:02:03', 'normal', 0),
('2097752a-c861-4106-a2f0-83cf91797291', '2022-03-17', '2022-03-17 07:54:02', '2022-03-17 20:00:03', 'normal', 0),
('2097752a-c861-4106-a2f0-83cf91797291', '2022-03-18', '2022-03-18 07:54:02', '2022-03-18 17:02:03', 'normal', 0),
('2097752a-c861-4106-a2f0-83cf91797291', '2022-03-19', '2022-03-19 07:54:02', '2022-03-19 16:40:03', 'earlyLeave', 0.2),
('2097752a-c861-4106-a2f0-83cf91797291', '2022-03-22', '2022-03-22 08:20:02', '2022-03-22 17:02:03', 'late', 0.2),
('2097752a-c861-4106-a2f0-83cf91797291', '2022-03-23', '2022-03-23 07:54:02', '2022-03-23 17:02:03', 'normal', 0),
('2097752a-c861-4106-a2f0-83cf91797291', '2022-03-24', '2022-03-24 07:54:02', '2022-03-24 17:02:03', 'normal', 0),
('2097752a-c861-4106-a2f0-83cf91797291', '2022-03-25', '2022-03-25 07:54:02', '2022-03-25 17:02:03', 'normal', 0),
('2097752a-c861-4106-a2f0-83cf91797291', '2022-03-26', '2022-03-26 07:54:02', '2022-03-26 17:02:03', 'normal', 0),
('2097752a-c861-4106-a2f0-83cf91797291', '2022-03-29', '2022-03-29 07:54:02', '2022-03-29 17:02:03', 'normal', 0),
('2097752a-c861-4106-a2f0-83cf91797291', '2022-03-30', '2022-03-30 07:54:02', '2022-03-30 17:02:03', 'normal', 0),
('2097752a-c861-4106-a2f0-83cf91797291', '2022-04-01', '2022-04-01 07:54:02', '2022-04-01 17:02:03', 'normal', 0),
('2097752a-c861-4106-a2f0-83cf91797291', '2022-04-02', '2022-04-02 08:12:02', '2022-04-02 17:02:03', 'late', 0.12),
('2097752a-c861-4106-a2f0-83cf91797291', '2022-04-03', '2022-04-03 07:54:02', '2022-04-03 17:02:03', 'normal', 0),
('2097752a-c861-4106-a2f0-83cf91797291', '2022-04-06', '2022-04-06 08:08:02', '2022-04-06 17:02:03', 'late', 0.08),
('2097752a-c861-4106-a2f0-83cf91797291', '2022-04-07', '2022-04-07 07:54:02', '2022-04-07 17:02:03', 'normal', 0),
('2097752a-c861-4106-a2f0-83cf91797291', '2022-04-08', '2022-04-08 07:54:02', '2022-04-08 17:02:03', 'normal', 0),
('2097752a-c861-4106-a2f0-83cf91797291', '2022-04-09', '2022-04-09 07:54:02', '2022-04-09 17:02:03', 'absent', 0),
('2097752a-c861-4106-a2f0-83cf91797291', '2022-04-10', '2022-04-10 07:54:02', '2022-04-10 17:02:03', 'normal', 0),
('2097752a-c861-4106-a2f0-83cf91797291', '2022-04-13', '2022-04-13 07:54:02', '2022-04-13 16:05:03', 'earlyLeave', 0.55),
('2097752a-c861-4106-a2f0-83cf91797291', '2022-04-14', '2022-04-14 08:23:02', '2022-04-14 17:02:03', 'late', 0.23),
('2097752a-c861-4106-a2f0-83cf91797291', '2022-04-15', '2022-04-15 07:54:02', '2022-04-15 17:02:03', 'normal', 0),
('2097752a-c861-4106-a2f0-83cf91797291', '2022-04-16', '2022-04-16 07:54:02', '2022-04-16 17:02:03', 'normal', 0),
('2097752a-c861-4106-a2f0-83cf91797291', '2022-04-17', '2022-04-17 07:54:02', '2022-04-17 17:02:03', 'normal', 0),
('2097752a-c861-4106-a2f0-83cf91797291', '2022-04-20', '2022-04-20 07:54:02', '2022-04-20 17:02:03', 'normal', 0),
('2097752a-c861-4106-a2f0-83cf91797291', '2022-04-21', '2022-04-21 08:14:02', '2022-04-21 17:02:03', 'late', 0.14),
('2097752a-c861-4106-a2f0-83cf91797291', '2022-04-22', '2022-04-22 07:54:02', '2022-04-22 17:02:03', 'normal', 0),
('2097752a-c861-4106-a2f0-83cf91797291', '2022-04-23', '2022-04-23 08:03:02', '2022-04-23 17:02:03', 'late', 0.03),
('2097752a-c861-4106-a2f0-83cf91797291', '2022-04-24', '2022-04-24 07:54:02', '2022-04-24 16:10:03', 'earlyLeave', 0.5),
('38636db6-906e-40df-a61e-15f72d33ae96', '2022-03-01', '2022-03-01 07:54:02', '2022-03-01 17:02:03', 'normal', 0),
('38636db6-906e-40df-a61e-15f72d33ae96', '2022-03-02', '2022-03-02 07:54:02', '2022-03-02 17:02:03', 'normal', 0),
('38636db6-906e-40df-a61e-15f72d33ae96', '2022-03-03', '2022-03-03 07:54:02', '2022-03-03 15:30:03', 'earlyLeave', 1.3),
('38636db6-906e-40df-a61e-15f72d33ae96', '2022-03-04', '2022-03-04 07:54:02', '2022-03-04 17:02:03', 'normal', 0),
('38636db6-906e-40df-a61e-15f72d33ae96', '2022-03-05', '2022-03-05 07:54:02', '2022-03-05 17:02:03', 'normal', 0),
('38636db6-906e-40df-a61e-15f72d33ae96', '2022-03-08', '2022-03-08 07:54:02', '2022-03-08 17:02:03', 'normal', 0),
('38636db6-906e-40df-a61e-15f72d33ae96', '2022-03-09', '2022-03-09 07:54:02', '2022-03-09 17:02:03', 'normal', 0),
('38636db6-906e-40df-a61e-15f72d33ae96', '2022-03-10', '2022-03-10 07:54:02', '2022-03-10 17:02:03', 'normal', 0),
('38636db6-906e-40df-a61e-15f72d33ae96', '2022-03-11', '2022-03-11 07:54:02', '2022-03-11 17:02:03', 'normal', 0),
('38636db6-906e-40df-a61e-15f72d33ae96', '2022-03-12', '2022-03-12 07:54:02', '2022-03-12 17:02:03', 'normal', 0),
('38636db6-906e-40df-a61e-15f72d33ae96', '2022-03-15', '2022-03-15 07:54:02', '2022-03-15 17:02:03', 'normal', 0),
('38636db6-906e-40df-a61e-15f72d33ae96', '2022-03-16', '2022-03-16 07:54:02', '2022-03-16 17:02:03', 'normal', 0),
('38636db6-906e-40df-a61e-15f72d33ae96', '2022-03-17', '2022-03-17 07:54:02', '2022-03-17 20:00:03', 'normal', 0),
('38636db6-906e-40df-a61e-15f72d33ae96', '2022-03-18', '2022-03-18 07:54:02', '2022-03-18 17:02:03', 'normal', 0),
('38636db6-906e-40df-a61e-15f72d33ae96', '2022-03-19', '2022-03-19 07:54:02', '2022-03-19 17:02:03', 'normal', 0),
('38636db6-906e-40df-a61e-15f72d33ae96', '2022-03-22', '2022-03-22 07:54:02', '2022-03-22 17:02:03', 'normal', 0),
('38636db6-906e-40df-a61e-15f72d33ae96', '2022-03-23', '2022-03-23 07:54:02', '2022-03-23 20:00:03', 'normal', 0),
('38636db6-906e-40df-a61e-15f72d33ae96', '2022-03-24', '2022-03-24 07:54:02', '2022-03-24 17:02:03', 'normal', 0),
('38636db6-906e-40df-a61e-15f72d33ae96', '2022-03-25', '2022-03-25 07:54:02', '2022-03-25 17:02:03', 'normal', 0),
('38636db6-906e-40df-a61e-15f72d33ae96', '2022-03-26', '2022-03-26 07:54:02', '2022-03-26 17:02:03', 'normal', 0),
('38636db6-906e-40df-a61e-15f72d33ae96', '2022-03-29', '2022-03-29 07:54:02', '2022-03-29 17:02:03', 'normal', 0),
('38636db6-906e-40df-a61e-15f72d33ae96', '2022-03-30', '2022-03-30 07:54:02', '2022-03-30 17:02:03', 'normal', 0),
('38636db6-906e-40df-a61e-15f72d33ae96', '2022-04-01', '2022-04-01 07:54:02', '2022-04-01 17:02:03', 'normal', 0),
('38636db6-906e-40df-a61e-15f72d33ae96', '2022-04-02', '2022-04-02 08:12:02', '2022-04-02 17:02:03', 'late', 0.12),
('38636db6-906e-40df-a61e-15f72d33ae96', '2022-04-03', '2022-04-03 07:54:02', '2022-04-03 17:02:03', 'normal', 0),
('38636db6-906e-40df-a61e-15f72d33ae96', '2022-04-06', '2022-04-06 08:08:02', '2022-04-06 17:02:03', 'late', 0.08),
('38636db6-906e-40df-a61e-15f72d33ae96', '2022-04-07', '2022-04-07 07:54:02', '2022-04-07 17:02:03', 'normal', 0),
('38636db6-906e-40df-a61e-15f72d33ae96', '2022-04-08', '2022-04-08 07:54:02', '2022-04-08 17:02:03', 'normal', 0),
('38636db6-906e-40df-a61e-15f72d33ae96', '2022-04-09', '2022-04-09 07:54:02', '2022-04-09 17:02:03', 'normal', 0),
('38636db6-906e-40df-a61e-15f72d33ae96', '2022-04-10', '2022-04-10 07:54:02', '2022-04-10 17:02:03', 'normal', 0),
('38636db6-906e-40df-a61e-15f72d33ae96', '2022-04-13', '2022-04-13 07:54:02', '2022-04-13 16:05:03', 'earlyLeave', 0.55),
('38636db6-906e-40df-a61e-15f72d33ae96', '2022-04-14', '2022-04-14 08:23:02', '2022-04-14 17:02:03', 'late', 0.23),
('38636db6-906e-40df-a61e-15f72d33ae96', '2022-04-15', '2022-04-15 07:54:02', '2022-04-15 17:02:03', 'normal', 0),
('38636db6-906e-40df-a61e-15f72d33ae96', '2022-04-16', '2022-04-16 07:54:02', '2022-04-16 17:02:03', 'normal', 0),
('38636db6-906e-40df-a61e-15f72d33ae96', '2022-04-17', '2022-04-17 07:54:02', '2022-04-17 17:02:03', 'normal', 0),
('38636db6-906e-40df-a61e-15f72d33ae96', '2022-04-20', '2022-04-20 07:54:02', '2022-04-20 17:02:03', 'normal', 0),
('38636db6-906e-40df-a61e-15f72d33ae96', '2022-04-21', '2022-04-21 08:14:02', '2022-04-21 17:02:03', 'late', 0.14),
('38636db6-906e-40df-a61e-15f72d33ae96', '2022-04-22', '2022-04-22 07:54:02', '2022-04-22 21:00:03', 'normal', 0),
('38636db6-906e-40df-a61e-15f72d33ae96', '2022-04-23', '2022-04-23 08:03:02', '2022-04-23 17:02:03', 'late', 0.03),
('38636db6-906e-40df-a61e-15f72d33ae96', '2022-04-24', '2022-04-24 07:54:02', '2022-04-24 16:10:03', 'earlyLeave', 0.5),
('3a10bdeb-5dbd-47ab-86d1-ccd80c7a003b', '2022-03-01', '2022-03-01 07:54:02', '2022-03-01 17:02:03', 'normal', 0),
('3a10bdeb-5dbd-47ab-86d1-ccd80c7a003b', '2022-03-02', '2022-03-02 07:54:02', '2022-03-02 17:02:03', 'normal', 0),
('3a10bdeb-5dbd-47ab-86d1-ccd80c7a003b', '2022-03-03', '2022-03-03 08:11:02', '2022-03-03 17:02:03', 'late', 0.11),
('3a10bdeb-5dbd-47ab-86d1-ccd80c7a003b', '2022-03-04', '2022-03-04 07:54:02', '2022-03-04 17:02:03', 'normal', 0),
('3a10bdeb-5dbd-47ab-86d1-ccd80c7a003b', '2022-03-05', '2022-03-05 07:54:02', '2022-03-05 16:46:03', 'earlyLeave', 0.14),
('3a10bdeb-5dbd-47ab-86d1-ccd80c7a003b', '2022-03-08', '2022-03-08 07:54:02', '2022-03-08 17:02:03', 'normal', 0),
('3a10bdeb-5dbd-47ab-86d1-ccd80c7a003b', '2022-03-09', '2022-03-09 07:54:02', '2022-03-09 17:02:03', 'normal', 0),
('3a10bdeb-5dbd-47ab-86d1-ccd80c7a003b', '2022-03-10', '2022-03-10 07:54:02', '2022-03-10 17:02:03', 'normal', 0),
('3a10bdeb-5dbd-47ab-86d1-ccd80c7a003b', '2022-03-11', '2022-03-11 07:54:02', '2022-03-11 21:00:03', 'normal', 0),
('3a10bdeb-5dbd-47ab-86d1-ccd80c7a003b', '2022-03-12', '2022-03-12 08:12:02', '2022-03-12 17:02:03', 'late', 0.12),
('3a10bdeb-5dbd-47ab-86d1-ccd80c7a003b', '2022-03-15', '2022-03-15 07:54:02', '2022-03-15 17:02:03', 'normal', 0),
('3a10bdeb-5dbd-47ab-86d1-ccd80c7a003b', '2022-03-16', '2022-03-16 07:54:02', '2022-03-16 17:02:03', 'normal', 0),
('3a10bdeb-5dbd-47ab-86d1-ccd80c7a003b', '2022-03-17', '2022-03-17 07:54:02', '2022-03-17 17:02:03', 'normal', 0),
('3a10bdeb-5dbd-47ab-86d1-ccd80c7a003b', '2022-03-18', '2022-03-18 07:54:02', '2022-03-18 17:02:03', 'normal', 0),
('3a10bdeb-5dbd-47ab-86d1-ccd80c7a003b', '2022-03-19', '2022-03-19 08:08:02', '2022-03-19 17:02:03', 'late', 0.08),
('3a10bdeb-5dbd-47ab-86d1-ccd80c7a003b', '2022-03-22', '2022-03-22 07:54:02', '2022-03-22 16:50:03', 'earlyLeave', 0.1),
('3a10bdeb-5dbd-47ab-86d1-ccd80c7a003b', '2022-03-23', '2022-03-23 07:54:02', '2022-03-23 17:02:03', 'normal', 0),
('3a10bdeb-5dbd-47ab-86d1-ccd80c7a003b', '2022-03-24', '2022-03-24 07:54:02', '2022-03-24 17:02:03', 'normal', 0),
('3a10bdeb-5dbd-47ab-86d1-ccd80c7a003b', '2022-03-25', '2022-03-25 07:54:02', '2022-03-25 17:02:03', 'normal', 0),
('3a10bdeb-5dbd-47ab-86d1-ccd80c7a003b', '2022-03-26', '2022-03-26 07:54:02', '2022-03-26 17:02:03', 'normal', 0),
('3a10bdeb-5dbd-47ab-86d1-ccd80c7a003b', '2022-03-29', '2022-03-29 07:54:02', '2022-03-29 17:02:03', 'normal', 0),
('3a10bdeb-5dbd-47ab-86d1-ccd80c7a003b', '2022-03-30', '2022-03-30 07:54:02', '2022-03-30 17:02:03', 'normal', 0),
('3a10bdeb-5dbd-47ab-86d1-ccd80c7a003b', '2022-04-01', '2022-04-01 07:54:02', '2022-04-01 17:02:03', 'normal', 0),
('3a10bdeb-5dbd-47ab-86d1-ccd80c7a003b', '2022-04-02', '2022-04-02 08:12:02', '2022-04-02 17:02:03', 'late', 0.12),
('3a10bdeb-5dbd-47ab-86d1-ccd80c7a003b', '2022-04-03', '2022-04-03 07:54:02', '2022-04-03 17:02:03', 'normal', 0),
('3a10bdeb-5dbd-47ab-86d1-ccd80c7a003b', '2022-04-06', '2022-04-06 08:08:02', '2022-04-06 17:02:03', 'late', 0.08),
('3a10bdeb-5dbd-47ab-86d1-ccd80c7a003b', '2022-04-07', '2022-04-07 07:54:02', '2022-04-07 20:00:03', 'normal', 0),
('3a10bdeb-5dbd-47ab-86d1-ccd80c7a003b', '2022-04-08', '2022-04-08 07:54:02', '2022-04-08 17:02:03', 'normal', 0),
('3a10bdeb-5dbd-47ab-86d1-ccd80c7a003b', '2022-04-09', '2022-04-09 07:54:02', '2022-04-09 17:02:03', 'normal', 0),
('3a10bdeb-5dbd-47ab-86d1-ccd80c7a003b', '2022-04-10', '2022-04-10 07:54:02', '2022-04-10 17:02:03', 'normal', 0),
('3a10bdeb-5dbd-47ab-86d1-ccd80c7a003b', '2022-04-13', '2022-04-13 07:54:02', '2022-04-13 16:05:03', 'earlyLeave', 0.55),
('3a10bdeb-5dbd-47ab-86d1-ccd80c7a003b', '2022-04-14', '2022-04-14 08:23:02', '2022-04-14 17:02:03', 'late', 0.23),
('3a10bdeb-5dbd-47ab-86d1-ccd80c7a003b', '2022-04-15', '2022-04-15 07:54:02', '2022-04-15 17:02:03', 'normal', 0),
('3a10bdeb-5dbd-47ab-86d1-ccd80c7a003b', '2022-04-16', '2022-04-16 07:54:02', '2022-04-16 17:02:03', 'normal', 0),
('3a10bdeb-5dbd-47ab-86d1-ccd80c7a003b', '2022-04-17', '2022-04-17 07:54:02', '2022-04-17 17:02:03', 'normal', 0),
('3a10bdeb-5dbd-47ab-86d1-ccd80c7a003b', '2022-04-20', '2022-04-20 07:54:02', '2022-04-20 17:02:03', 'normal', 0),
('3a10bdeb-5dbd-47ab-86d1-ccd80c7a003b', '2022-04-21', '2022-04-21 08:14:02', '2022-04-21 17:02:03', 'late', 0.14),
('3a10bdeb-5dbd-47ab-86d1-ccd80c7a003b', '2022-04-22', '2022-04-22 07:54:02', '2022-04-22 17:02:03', 'normal', 0),
('3a10bdeb-5dbd-47ab-86d1-ccd80c7a003b', '2022-04-23', '2022-04-23 08:03:02', '2022-04-23 17:02:03', 'late', 0.03),
('3a10bdeb-5dbd-47ab-86d1-ccd80c7a003b', '2022-04-24', '2022-04-24 07:54:02', '2022-04-24 16:10:03', 'earlyLeave', 0.5),
('58e7bb7b-b8ae-44df-b276-0541a4a5415f', '2022-03-01', '2022-03-01 07:54:02', '2022-03-01 17:02:03', 'normal', 0),
('58e7bb7b-b8ae-44df-b276-0541a4a5415f', '2022-03-02', '2022-03-02 08:03:02', '2022-03-02 17:02:03', 'late', 0.03),
('58e7bb7b-b8ae-44df-b276-0541a4a5415f', '2022-03-03', '2022-03-03 07:54:02', '2022-03-03 17:02:03', 'normal', 0),
('58e7bb7b-b8ae-44df-b276-0541a4a5415f', '2022-03-04', '2022-03-04 07:54:02', '2022-03-04 17:02:03', 'normal', 0),
('58e7bb7b-b8ae-44df-b276-0541a4a5415f', '2022-03-05', '2022-03-05 07:54:02', '2022-03-05 17:02:03', 'normal', 0),
('58e7bb7b-b8ae-44df-b276-0541a4a5415f', '2022-03-08', '2022-03-08 07:54:02', '2022-03-08 17:02:03', 'normal', 0),
('58e7bb7b-b8ae-44df-b276-0541a4a5415f', '2022-03-09', '2022-03-09 08:12:02', '2022-03-09 17:02:03', 'late', 0.12),
('58e7bb7b-b8ae-44df-b276-0541a4a5415f', '2022-03-10', '2022-03-10 07:54:02', '2022-03-10 21:00:03', 'normal', 0),
('58e7bb7b-b8ae-44df-b276-0541a4a5415f', '2022-03-11', '2022-03-11 07:54:02', '2022-03-11 17:02:03', 'normal', 0),
('58e7bb7b-b8ae-44df-b276-0541a4a5415f', '2022-03-15', '2022-03-15 07:54:02', '2022-03-15 17:02:03', 'normal', 0),
('58e7bb7b-b8ae-44df-b276-0541a4a5415f', '2022-03-16', '2022-03-16 07:54:02', '2022-03-16 16:10:03', 'earlyLeave', 0.5),
('58e7bb7b-b8ae-44df-b276-0541a4a5415f', '2022-03-17', '2022-03-17 08:02:02', '2022-03-17 17:02:03', 'late', 0.02),
('58e7bb7b-b8ae-44df-b276-0541a4a5415f', '2022-03-18', '2022-03-18 07:54:02', '2022-03-18 17:02:03', 'absent', 0),
('58e7bb7b-b8ae-44df-b276-0541a4a5415f', '2022-03-19', '2022-03-19 07:54:02', '2022-03-19 17:02:03', 'normal', 0),
('58e7bb7b-b8ae-44df-b276-0541a4a5415f', '2022-03-22', '2022-03-22 07:54:02', '2022-03-22 17:02:03', 'normal', 0),
('58e7bb7b-b8ae-44df-b276-0541a4a5415f', '2022-03-23', '2022-03-23 08:05:02', '2022-03-23 17:02:03', 'late', 0.05),
('58e7bb7b-b8ae-44df-b276-0541a4a5415f', '2022-03-24', '2022-03-24 07:54:02', '2022-03-24 17:02:03', 'normal', 0),
('58e7bb7b-b8ae-44df-b276-0541a4a5415f', '2022-03-25', '2022-03-25 07:54:02', '2022-03-25 17:02:03', 'normal', 0),
('58e7bb7b-b8ae-44df-b276-0541a4a5415f', '2022-03-26', '2022-03-26 07:54:02', '2022-03-26 17:02:03', 'normal', 0),
('58e7bb7b-b8ae-44df-b276-0541a4a5415f', '2022-03-29', '2022-03-29 07:54:02', '2022-03-29 17:02:03', 'normal', 0),
('58e7bb7b-b8ae-44df-b276-0541a4a5415f', '2022-03-30', '2022-03-30 07:54:02', '2022-03-30 20:00:03', 'normal', 0),
('58e7bb7b-b8ae-44df-b276-0541a4a5415f', '2022-04-01', '2022-04-01 07:54:02', '2022-04-01 17:02:03', 'normal', 0),
('58e7bb7b-b8ae-44df-b276-0541a4a5415f', '2022-04-02', '2022-04-02 08:12:02', '2022-04-02 17:02:03', 'late', 0.12),
('58e7bb7b-b8ae-44df-b276-0541a4a5415f', '2022-04-03', '2022-04-03 07:54:02', '2022-04-03 17:02:03', 'normal', 0),
('58e7bb7b-b8ae-44df-b276-0541a4a5415f', '2022-04-06', '2022-04-06 08:08:02', '2022-04-06 17:02:03', 'late', 0.08),
('58e7bb7b-b8ae-44df-b276-0541a4a5415f', '2022-04-07', '2022-04-07 07:54:02', '2022-04-07 17:02:03', 'normal', 0),
('58e7bb7b-b8ae-44df-b276-0541a4a5415f', '2022-04-08', '2022-04-08 07:54:02', '2022-04-08 17:02:03', 'normal', 0),
('58e7bb7b-b8ae-44df-b276-0541a4a5415f', '2022-04-09', '2022-04-09 07:54:02', '2022-04-09 17:02:03', 'normal', 0),
('58e7bb7b-b8ae-44df-b276-0541a4a5415f', '2022-04-10', '2022-04-10 07:54:02', '2022-04-10 17:02:03', 'normal', 0),
('58e7bb7b-b8ae-44df-b276-0541a4a5415f', '2022-04-13', '2022-04-13 07:54:02', '2022-04-13 16:05:03', 'earlyLeave', 0.55),
('58e7bb7b-b8ae-44df-b276-0541a4a5415f', '2022-04-14', '2022-04-14 08:23:02', '2022-04-14 17:02:03', 'late', 0.23),
('58e7bb7b-b8ae-44df-b276-0541a4a5415f', '2022-04-15', '2022-04-15 07:54:02', '2022-04-15 17:02:03', 'normal', 0),
('58e7bb7b-b8ae-44df-b276-0541a4a5415f', '2022-04-16', '2022-04-16 07:54:02', '2022-04-16 17:02:03', 'normal', 0),
('58e7bb7b-b8ae-44df-b276-0541a4a5415f', '2022-04-17', '2022-04-17 07:54:02', '2022-04-17 17:02:03', 'normal', 0),
('58e7bb7b-b8ae-44df-b276-0541a4a5415f', '2022-04-20', '2022-04-20 07:54:02', '2022-04-20 17:02:03', 'normal', 0),
('58e7bb7b-b8ae-44df-b276-0541a4a5415f', '2022-04-21', '2022-04-21 08:14:02', '2022-04-21 17:02:03', 'late', 0.14),
('58e7bb7b-b8ae-44df-b276-0541a4a5415f', '2022-04-22', '2022-04-22 07:54:02', '2022-04-22 17:02:03', 'normal', 0),
('58e7bb7b-b8ae-44df-b276-0541a4a5415f', '2022-04-23', '2022-04-23 08:03:02', '2022-04-23 17:02:03', 'late', 0.03),
('58e7bb7b-b8ae-44df-b276-0541a4a5415f', '2022-04-24', '2022-04-24 07:54:02', '2022-04-24 16:10:03', 'earlyLeave', 0.5),
('74a7765d-8201-4101-80b6-c35588823d09', '2022-03-01', '2022-03-01 07:54:02', '2022-03-01 17:02:03', 'normal', 0),
('74a7765d-8201-4101-80b6-c35588823d09', '2022-03-02', '2022-03-02 07:54:02', '2022-03-02 17:02:03', 'normal', 0),
('74a7765d-8201-4101-80b6-c35588823d09', '2022-03-03', '2022-03-03 07:54:02', '2022-03-03 17:02:03', 'normal', 0),
('74a7765d-8201-4101-80b6-c35588823d09', '2022-03-04', '2022-03-04 07:54:02', '2022-03-04 16:02:03', 'earlyLeave', 0.58),
('74a7765d-8201-4101-80b6-c35588823d09', '2022-03-05', '2022-03-05 08:14:02', '2022-03-05 17:02:03', 'late', 0.14),
('74a7765d-8201-4101-80b6-c35588823d09', '2022-03-08', '2022-03-08 07:54:02', '2022-03-08 17:02:03', 'normal', 0),
('74a7765d-8201-4101-80b6-c35588823d09', '2022-03-09', '2022-03-09 07:54:02', '2022-03-09 17:02:03', 'normal', 0),
('74a7765d-8201-4101-80b6-c35588823d09', '2022-03-10', '2022-03-10 07:54:02', '2022-03-10 17:02:03', 'normal', 0),
('74a7765d-8201-4101-80b6-c35588823d09', '2022-03-11', '2022-03-11 07:54:02', '2022-03-11 17:02:03', 'normal', 0),
('74a7765d-8201-4101-80b6-c35588823d09', '2022-03-12', '2022-03-12 07:54:02', '2022-03-12 17:02:03', 'normal', 0),
('74a7765d-8201-4101-80b6-c35588823d09', '2022-03-15', '2022-03-15 07:54:02', '2022-03-15 17:02:03', 'normal', 0),
('74a7765d-8201-4101-80b6-c35588823d09', '2022-03-16', '2022-03-16 08:12:02', '2022-03-16 17:02:03', 'late', 0.12),
('74a7765d-8201-4101-80b6-c35588823d09', '2022-03-17', '2022-03-17 07:54:02', '2022-03-17 17:02:03', 'normal', 0),
('74a7765d-8201-4101-80b6-c35588823d09', '2022-03-18', '2022-03-18 07:54:02', '2022-03-18 17:02:03', 'normal', 0),
('74a7765d-8201-4101-80b6-c35588823d09', '2022-03-19', '2022-03-19 09:01:02', '2022-03-19 17:02:03', 'late', 1.01),
('74a7765d-8201-4101-80b6-c35588823d09', '2022-03-22', '2022-03-22 07:54:02', '2022-03-22 17:02:03', 'normal', 0),
('74a7765d-8201-4101-80b6-c35588823d09', '2022-03-23', '2022-03-23 07:54:02', '2022-03-23 17:02:03', 'normal', 0),
('74a7765d-8201-4101-80b6-c35588823d09', '2022-03-24', '2022-03-24 07:54:02', '2022-03-24 17:02:03', 'normal', 0),
('74a7765d-8201-4101-80b6-c35588823d09', '2022-03-25', '2022-03-25 07:54:02', '2022-03-25 17:02:03', 'normal', 0),
('74a7765d-8201-4101-80b6-c35588823d09', '2022-03-26', '2022-03-26 07:54:02', '2022-03-26 17:02:03', 'normal', 0),
('74a7765d-8201-4101-80b6-c35588823d09', '2022-03-29', '2022-03-29 07:54:02', '2022-03-29 17:02:03', 'normal', 0),
('74a7765d-8201-4101-80b6-c35588823d09', '2022-03-30', '2022-03-30 07:54:02', '2022-03-30 17:02:03', 'normal', 0),
('74a7765d-8201-4101-80b6-c35588823d09', '2022-04-01', '2022-04-01 07:54:02', '2022-04-01 17:02:03', 'normal', 0),
('74a7765d-8201-4101-80b6-c35588823d09', '2022-04-02', '2022-04-02 08:12:02', '2022-04-02 17:02:03', 'late', 0.12),
('74a7765d-8201-4101-80b6-c35588823d09', '2022-04-03', '2022-04-03 07:54:02', '2022-04-03 17:02:03', 'normal', 0),
('74a7765d-8201-4101-80b6-c35588823d09', '2022-04-06', '2022-04-06 08:08:02', '2022-04-06 17:02:03', 'late', 0.08),
('74a7765d-8201-4101-80b6-c35588823d09', '2022-04-07', '2022-04-07 07:54:02', '2022-04-07 17:02:03', 'normal', 0),
('74a7765d-8201-4101-80b6-c35588823d09', '2022-04-08', '2022-04-08 07:54:02', '2022-04-08 17:02:03', 'normal', 0),
('74a7765d-8201-4101-80b6-c35588823d09', '2022-04-09', '2022-04-09 07:54:02', '2022-04-09 17:02:03', 'normal', 0),
('74a7765d-8201-4101-80b6-c35588823d09', '2022-04-10', '2022-04-10 07:54:02', '2022-04-10 17:02:03', 'normal', 0),
('74a7765d-8201-4101-80b6-c35588823d09', '2022-04-13', '2022-04-13 07:54:02', '2022-04-13 16:05:03', 'earlyLeave', 0.55),
('74a7765d-8201-4101-80b6-c35588823d09', '2022-04-14', '2022-04-14 08:23:02', '2022-04-14 17:02:03', 'late', 0.23),
('74a7765d-8201-4101-80b6-c35588823d09', '2022-04-15', '2022-04-15 07:54:02', '2022-04-15 17:02:03', 'normal', 0),
('74a7765d-8201-4101-80b6-c35588823d09', '2022-04-16', '2022-04-16 07:54:02', '2022-04-16 17:02:03', 'normal', 0),
('74a7765d-8201-4101-80b6-c35588823d09', '2022-04-17', '2022-04-17 07:54:02', '2022-04-17 17:02:03', 'normal', 0),
('74a7765d-8201-4101-80b6-c35588823d09', '2022-04-20', '2022-04-20 07:54:02', '2022-04-20 21:00:03', 'normal', 0),
('74a7765d-8201-4101-80b6-c35588823d09', '2022-04-21', '2022-04-21 08:14:02', '2022-04-21 17:02:03', 'late', 0.14),
('74a7765d-8201-4101-80b6-c35588823d09', '2022-04-22', '2022-04-22 07:54:02', '2022-04-22 20:00:03', 'normal', 0),
('74a7765d-8201-4101-80b6-c35588823d09', '2022-04-23', '2022-04-23 08:03:02', '2022-04-23 17:02:03', 'late', 0.03),
('74a7765d-8201-4101-80b6-c35588823d09', '2022-04-24', '2022-04-24 07:54:02', '2022-04-24 16:10:03', 'earlyLeave', 0.5),
('9244b6b0-c51a-4fc2-a363-1c7d9b2fa5dc', '2022-03-01', '2022-03-01 07:54:02', '2022-03-01 17:02:03', 'normal', 0),
('9244b6b0-c51a-4fc2-a363-1c7d9b2fa5dc', '2022-03-02', '2022-03-02 07:54:02', '2022-03-02 17:02:03', 'normal', 0),
('9244b6b0-c51a-4fc2-a363-1c7d9b2fa5dc', '2022-03-03', '2022-03-03 07:54:02', '2022-03-03 17:02:03', 'absent', 0),
('9244b6b0-c51a-4fc2-a363-1c7d9b2fa5dc', '2022-03-04', '2022-03-04 07:54:02', '2022-03-04 20:00:03', 'normal', 0),
('9244b6b0-c51a-4fc2-a363-1c7d9b2fa5dc', '2022-03-05', '2022-03-05 08:30:02', '2022-03-05 17:02:03', 'late', 0.3),
('9244b6b0-c51a-4fc2-a363-1c7d9b2fa5dc', '2022-03-08', '2022-03-08 07:54:02', '2022-03-08 17:02:03', 'normal', 0),
('9244b6b0-c51a-4fc2-a363-1c7d9b2fa5dc', '2022-03-09', '2022-03-09 07:54:02', '2022-03-09 17:02:03', 'normal', 0),
('9244b6b0-c51a-4fc2-a363-1c7d9b2fa5dc', '2022-03-10', '2022-03-10 07:54:02', '2022-03-10 17:02:03', 'normal', 0),
('9244b6b0-c51a-4fc2-a363-1c7d9b2fa5dc', '2022-03-11', '2022-03-11 08:07:02', '2022-03-11 17:02:03', 'late', 0.07),
('9244b6b0-c51a-4fc2-a363-1c7d9b2fa5dc', '2022-03-12', '2022-03-12 07:54:02', '2022-03-12 17:02:03', 'normal', 0),
('9244b6b0-c51a-4fc2-a363-1c7d9b2fa5dc', '2022-03-15', '2022-03-15 07:54:02', '2022-03-15 16:05:03', 'earlyLeave', 0.55),
('9244b6b0-c51a-4fc2-a363-1c7d9b2fa5dc', '2022-03-16', '2022-03-16 09:12:02', '2022-03-16 17:02:03', 'late', 1.12),
('9244b6b0-c51a-4fc2-a363-1c7d9b2fa5dc', '2022-03-17', '2022-03-17 07:54:02', '2022-03-17 16:52:03', 'earlyLeave', 0.08),
('9244b6b0-c51a-4fc2-a363-1c7d9b2fa5dc', '2022-03-18', '2022-03-18 07:54:02', '2022-03-18 17:02:03', 'normal', 0),
('9244b6b0-c51a-4fc2-a363-1c7d9b2fa5dc', '2022-03-19', '2022-03-19 07:54:02', '2022-03-19 17:02:03', 'normal', 0),
('9244b6b0-c51a-4fc2-a363-1c7d9b2fa5dc', '2022-03-22', '2022-03-22 07:54:02', '2022-03-22 17:02:03', 'normal', 0),
('9244b6b0-c51a-4fc2-a363-1c7d9b2fa5dc', '2022-03-23', '2022-03-23 08:04:02', '2022-03-23 17:02:03', 'late', 0.04),
('9244b6b0-c51a-4fc2-a363-1c7d9b2fa5dc', '2022-03-24', '2022-03-24 07:54:02', '2022-03-24 20:00:03', 'normal', 0),
('9244b6b0-c51a-4fc2-a363-1c7d9b2fa5dc', '2022-03-25', '2022-03-25 07:54:02', '2022-03-25 17:02:03', 'normal', 0),
('9244b6b0-c51a-4fc2-a363-1c7d9b2fa5dc', '2022-03-26', '2022-03-26 07:54:02', '2022-03-26 17:02:03', 'normal', 0),
('9244b6b0-c51a-4fc2-a363-1c7d9b2fa5dc', '2022-03-29', '2022-03-29 07:54:02', '2022-03-29 17:02:03', 'normal', 0),
('9244b6b0-c51a-4fc2-a363-1c7d9b2fa5dc', '2022-03-30', '2022-03-30 07:54:02', '2022-03-30 17:02:03', 'normal', 0),
('9244b6b0-c51a-4fc2-a363-1c7d9b2fa5dc', '2022-04-01', '2022-04-01 07:54:02', '2022-04-01 17:02:03', 'normal', 0),
('9244b6b0-c51a-4fc2-a363-1c7d9b2fa5dc', '2022-04-02', '2022-04-02 08:12:02', '2022-04-02 17:02:03', 'late', 0.12),
('9244b6b0-c51a-4fc2-a363-1c7d9b2fa5dc', '2022-04-03', '2022-04-03 07:54:02', '2022-04-03 17:02:03', 'normal', 0),
('9244b6b0-c51a-4fc2-a363-1c7d9b2fa5dc', '2022-04-06', '2022-04-06 08:08:02', '2022-04-06 17:02:03', 'late', 0.08),
('9244b6b0-c51a-4fc2-a363-1c7d9b2fa5dc', '2022-04-07', '2022-04-07 07:54:02', '2022-04-07 17:02:03', 'normal', 0),
('9244b6b0-c51a-4fc2-a363-1c7d9b2fa5dc', '2022-04-08', '2022-04-08 07:54:02', '2022-04-08 17:02:03', 'normal', 0),
('9244b6b0-c51a-4fc2-a363-1c7d9b2fa5dc', '2022-04-09', '2022-04-09 07:54:02', '2022-04-09 17:02:03', 'normal', 0),
('9244b6b0-c51a-4fc2-a363-1c7d9b2fa5dc', '2022-04-10', '2022-04-10 07:54:02', '2022-04-10 17:02:03', 'normal', 0),
('9244b6b0-c51a-4fc2-a363-1c7d9b2fa5dc', '2022-04-13', '2022-04-13 07:54:02', '2022-04-13 16:05:03', 'earlyLeave', 0.55),
('9244b6b0-c51a-4fc2-a363-1c7d9b2fa5dc', '2022-04-14', '2022-04-14 08:23:02', '2022-04-14 17:02:03', 'late', 0.23),
('9244b6b0-c51a-4fc2-a363-1c7d9b2fa5dc', '2022-04-15', '2022-04-15 07:54:02', '2022-04-15 17:02:03', 'normal', 0),
('9244b6b0-c51a-4fc2-a363-1c7d9b2fa5dc', '2022-04-16', '2022-04-16 07:54:02', '2022-04-16 17:02:03', 'normal', 0),
('9244b6b0-c51a-4fc2-a363-1c7d9b2fa5dc', '2022-04-17', '2022-04-17 07:54:02', '2022-04-17 17:02:03', 'normal', 0),
('9244b6b0-c51a-4fc2-a363-1c7d9b2fa5dc', '2022-04-20', '2022-04-20 07:54:02', '2022-04-20 17:02:03', 'normal', 0),
('9244b6b0-c51a-4fc2-a363-1c7d9b2fa5dc', '2022-04-21', '2022-04-21 08:14:02', '2022-04-21 17:02:03', 'late', 0.14),
('9244b6b0-c51a-4fc2-a363-1c7d9b2fa5dc', '2022-04-22', '2022-04-22 07:54:02', '2022-04-22 17:02:03', 'normal', 0),
('9244b6b0-c51a-4fc2-a363-1c7d9b2fa5dc', '2022-04-23', '2022-04-23 08:03:02', '2022-04-23 17:02:03', 'late', 0.03),
('9244b6b0-c51a-4fc2-a363-1c7d9b2fa5dc', '2022-04-24', '2022-04-24 07:54:02', '2022-04-24 16:10:03', 'earlyLeave', 0.5),
('92edfed8-162e-410c-b8e3-3d6e84906c36', '2022-03-01', '2022-03-01 07:54:02', '2022-03-01 17:02:03', 'normal', 0),
('92edfed8-162e-410c-b8e3-3d6e84906c36', '2022-03-02', '2022-03-02 07:54:02', '2022-03-02 17:02:03', 'normal', 0),
('92edfed8-162e-410c-b8e3-3d6e84906c36', '2022-03-03', '2022-03-03 07:54:02', '2022-03-03 17:02:03', 'normal', 0),
('92edfed8-162e-410c-b8e3-3d6e84906c36', '2022-03-04', '2022-03-04 07:54:02', '2022-03-04 17:02:03', 'normal', 0),
('92edfed8-162e-410c-b8e3-3d6e84906c36', '2022-03-05', '2022-03-05 07:54:02', '2022-03-05 21:00:03', 'normal', 0),
('92edfed8-162e-410c-b8e3-3d6e84906c36', '2022-03-08', '2022-03-08 07:54:02', '2022-03-08 17:02:03', 'normal', 0),
('92edfed8-162e-410c-b8e3-3d6e84906c36', '2022-03-09', '2022-03-09 07:54:02', '2022-03-09 17:02:03', 'normal', 0),
('92edfed8-162e-410c-b8e3-3d6e84906c36', '2022-03-10', '2022-03-10 07:54:02', '2022-03-10 17:02:03', 'normal', 0),
('92edfed8-162e-410c-b8e3-3d6e84906c36', '2022-03-11', '2022-03-11 08:12:02', '2022-03-11 17:02:03', 'late', 0.12),
('92edfed8-162e-410c-b8e3-3d6e84906c36', '2022-03-12', '2022-03-12 07:54:02', '2022-03-12 17:02:03', 'normal', 0),
('92edfed8-162e-410c-b8e3-3d6e84906c36', '2022-03-15', '2022-03-15 07:54:02', '2022-03-15 17:02:03', 'normal', 0),
('92edfed8-162e-410c-b8e3-3d6e84906c36', '2022-03-16', '2022-03-16 07:54:02', '2022-03-16 17:02:03', 'normal', 0),
('92edfed8-162e-410c-b8e3-3d6e84906c36', '2022-03-17', '2022-03-17 07:54:02', '2022-03-17 16:32:03', 'earlyLeave', 0.28),
('92edfed8-162e-410c-b8e3-3d6e84906c36', '2022-03-18', '2022-03-18 07:54:02', '2022-03-18 17:02:03', 'normal', 0),
('92edfed8-162e-410c-b8e3-3d6e84906c36', '2022-03-19', '2022-03-19 07:54:02', '2022-03-19 17:02:03', 'normal', 0),
('92edfed8-162e-410c-b8e3-3d6e84906c36', '2022-03-22', '2022-03-22 07:54:02', '2022-03-22 17:02:03', 'normal', 0),
('92edfed8-162e-410c-b8e3-3d6e84906c36', '2022-03-23', '2022-03-23 07:54:02', '2022-03-23 16:12:03', 'earlyLeave', 0.48),
('92edfed8-162e-410c-b8e3-3d6e84906c36', '2022-03-24', '2022-03-24 07:54:02', '2022-03-24 17:02:03', 'normal', 0),
('92edfed8-162e-410c-b8e3-3d6e84906c36', '2022-03-25', '2022-03-25 08:11:02', '2022-03-25 17:02:03', 'late', 0.11),
('92edfed8-162e-410c-b8e3-3d6e84906c36', '2022-03-26', '2022-03-26 07:54:02', '2022-03-26 17:02:03', 'normal', 0),
('92edfed8-162e-410c-b8e3-3d6e84906c36', '2022-03-29', '2022-03-29 07:54:02', '2022-03-29 17:02:03', 'normal', 0),
('92edfed8-162e-410c-b8e3-3d6e84906c36', '2022-03-30', '2022-03-30 07:54:02', '2022-03-30 17:02:03', 'normal', 0),
('92edfed8-162e-410c-b8e3-3d6e84906c36', '2022-04-01', '2022-04-01 07:54:02', '2022-04-01 17:02:03', 'normal', 0),
('92edfed8-162e-410c-b8e3-3d6e84906c36', '2022-04-02', '2022-04-02 08:12:02', '2022-04-02 17:02:03', 'late', 0.12),
('92edfed8-162e-410c-b8e3-3d6e84906c36', '2022-04-03', '2022-04-03 07:54:02', '2022-04-03 17:02:03', 'normal', 0),
('92edfed8-162e-410c-b8e3-3d6e84906c36', '2022-04-06', '2022-04-06 08:08:02', '2022-04-06 17:02:03', 'late', 0.08),
('92edfed8-162e-410c-b8e3-3d6e84906c36', '2022-04-07', '2022-04-07 07:54:02', '2022-04-07 17:02:03', 'normal', 0),
('92edfed8-162e-410c-b8e3-3d6e84906c36', '2022-04-08', '2022-04-08 07:54:02', '2022-04-08 20:00:03', 'normal', 0),
('92edfed8-162e-410c-b8e3-3d6e84906c36', '2022-04-09', '2022-04-09 07:54:02', '2022-04-09 17:02:03', 'normal', 0),
('92edfed8-162e-410c-b8e3-3d6e84906c36', '2022-04-10', '2022-04-10 07:54:02', '2022-04-10 17:02:03', 'normal', 0),
('92edfed8-162e-410c-b8e3-3d6e84906c36', '2022-04-13', '2022-04-13 07:54:02', '2022-04-13 16:05:03', 'earlyLeave', 0.55),
('92edfed8-162e-410c-b8e3-3d6e84906c36', '2022-04-14', '2022-04-14 08:23:02', '2022-04-14 17:02:03', 'late', 0.23),
('92edfed8-162e-410c-b8e3-3d6e84906c36', '2022-04-15', '2022-04-15 07:54:02', '2022-04-15 17:02:03', 'normal', 0),
('92edfed8-162e-410c-b8e3-3d6e84906c36', '2022-04-16', '2022-04-16 07:54:02', '2022-04-16 17:02:03', 'normal', 0),
('92edfed8-162e-410c-b8e3-3d6e84906c36', '2022-04-17', '2022-04-17 07:54:02', '2022-04-17 17:02:03', 'normal', 0),
('92edfed8-162e-410c-b8e3-3d6e84906c36', '2022-04-20', '2022-04-20 07:54:02', '2022-04-20 17:02:03', 'normal', 0),
('92edfed8-162e-410c-b8e3-3d6e84906c36', '2022-04-21', '2022-04-21 08:14:02', '2022-04-21 17:02:03', 'late', 0.14),
('92edfed8-162e-410c-b8e3-3d6e84906c36', '2022-04-22', '2022-04-22 07:54:02', '2022-04-22 17:02:03', 'normal', 0),
('92edfed8-162e-410c-b8e3-3d6e84906c36', '2022-04-23', '2022-04-23 08:03:02', '2022-04-23 17:02:03', 'late', 0.03),
('92edfed8-162e-410c-b8e3-3d6e84906c36', '2022-04-24', '2022-04-24 07:54:02', '2022-04-24 16:10:03', 'earlyLeave', 0.5),
('a14a89c4-81d8-45f6-a066-9b7093ba934e', '2022-03-01', '2022-03-01 07:54:02', '2022-03-01 17:02:03', 'normal', 0),
('a14a89c4-81d8-45f6-a066-9b7093ba934e', '2022-03-02', '2022-03-02 07:54:02', '2022-03-02 17:02:03', 'normal', 0),
('a14a89c4-81d8-45f6-a066-9b7093ba934e', '2022-03-03', '2022-03-03 08:55:02', '2022-03-03 17:02:03', 'late', 0.55),
('a14a89c4-81d8-45f6-a066-9b7093ba934e', '2022-03-04', '2022-03-04 07:54:02', '2022-03-04 20:00:03', 'normal', 0),
('a14a89c4-81d8-45f6-a066-9b7093ba934e', '2022-03-05', '2022-03-05 07:54:02', '2022-03-05 17:02:03', 'normal', 0),
('a14a89c4-81d8-45f6-a066-9b7093ba934e', '2022-03-08', '2022-03-08 07:54:02', '2022-03-08 17:02:03', 'normal', 0),
('a14a89c4-81d8-45f6-a066-9b7093ba934e', '2022-03-09', '2022-03-09 07:54:02', '2022-03-09 16:02:03', 'earlyLeave', 0.58),
('a14a89c4-81d8-45f6-a066-9b7093ba934e', '2022-03-10', '2022-03-10 07:54:02', '2022-03-10 17:02:03', 'normal', 0),
('a14a89c4-81d8-45f6-a066-9b7093ba934e', '2022-03-11', '2022-03-11 07:54:02', '2022-03-11 17:02:03', 'normal', 0),
('a14a89c4-81d8-45f6-a066-9b7093ba934e', '2022-03-12', '2022-03-12 07:54:02', '2022-03-12 17:02:03', 'normal', 0),
('a14a89c4-81d8-45f6-a066-9b7093ba934e', '2022-03-15', '2022-03-15 07:54:02', '2022-03-15 17:02:03', 'normal', 0),
('a14a89c4-81d8-45f6-a066-9b7093ba934e', '2022-03-16', '2022-03-16 07:54:02', '2022-03-16 17:02:03', 'normal', 0),
('a14a89c4-81d8-45f6-a066-9b7093ba934e', '2022-03-17', '2022-03-17 08:13:02', '2022-03-17 17:02:03', 'late', 0.13),
('a14a89c4-81d8-45f6-a066-9b7093ba934e', '2022-03-18', '2022-03-18 08:28:02', '2022-03-18 17:02:03', 'late', 0.28),
('a14a89c4-81d8-45f6-a066-9b7093ba934e', '2022-03-19', '2022-03-19 07:54:02', '2022-03-19 17:02:03', 'normal', 0),
('a14a89c4-81d8-45f6-a066-9b7093ba934e', '2022-03-22', '2022-03-22 07:54:02', '2022-03-22 17:02:03', 'normal', 0),
('a14a89c4-81d8-45f6-a066-9b7093ba934e', '2022-03-23', '2022-03-23 07:54:02', '2022-03-23 17:02:03', 'normal', 0),
('a14a89c4-81d8-45f6-a066-9b7093ba934e', '2022-03-24', '2022-03-24 07:54:02', '2022-03-24 21:00:03', 'normal', 0),
('a14a89c4-81d8-45f6-a066-9b7093ba934e', '2022-03-25', '2022-03-25 07:54:02', '2022-03-25 17:02:03', 'normal', 0),
('a14a89c4-81d8-45f6-a066-9b7093ba934e', '2022-03-26', '2022-03-26 08:04:02', '2022-03-26 17:02:03', 'late', 0.04),
('a14a89c4-81d8-45f6-a066-9b7093ba934e', '2022-03-29', '2022-03-29 07:54:02', '2022-03-29 17:02:03', 'normal', 0),
('a14a89c4-81d8-45f6-a066-9b7093ba934e', '2022-03-30', '2022-03-30 07:54:02', '2022-03-30 17:02:03', 'normal', 0),
('a14a89c4-81d8-45f6-a066-9b7093ba934e', '2022-04-01', '2022-04-01 07:54:02', '2022-04-01 17:02:03', 'normal', 0),
('a14a89c4-81d8-45f6-a066-9b7093ba934e', '2022-04-02', '2022-04-02 08:12:02', '2022-04-02 17:02:03', 'late', 0.12),
('a14a89c4-81d8-45f6-a066-9b7093ba934e', '2022-04-03', '2022-04-03 07:54:02', '2022-04-03 17:02:03', 'normal', 0),
('a14a89c4-81d8-45f6-a066-9b7093ba934e', '2022-04-06', '2022-04-06 08:08:02', '2022-04-06 17:02:03', 'late', 0.08),
('a14a89c4-81d8-45f6-a066-9b7093ba934e', '2022-04-07', '2022-04-07 07:54:02', '2022-04-07 17:02:03', 'normal', 0),
('a14a89c4-81d8-45f6-a066-9b7093ba934e', '2022-04-08', '2022-04-08 07:54:02', '2022-04-08 17:02:03', 'normal', 0),
('a14a89c4-81d8-45f6-a066-9b7093ba934e', '2022-04-09', '2022-04-09 07:54:02', '2022-04-09 17:02:03', 'normal', 0),
('a14a89c4-81d8-45f6-a066-9b7093ba934e', '2022-04-10', '2022-04-10 07:54:02', '2022-04-10 20:00:03', 'normal', 0),
('a14a89c4-81d8-45f6-a066-9b7093ba934e', '2022-04-13', '2022-04-13 07:54:02', '2022-04-13 16:05:03', 'earlyLeave', 0.55),
('a14a89c4-81d8-45f6-a066-9b7093ba934e', '2022-04-14', '2022-04-14 08:23:02', '2022-04-14 17:02:03', 'late', 0.23),
('a14a89c4-81d8-45f6-a066-9b7093ba934e', '2022-04-15', '2022-04-15 07:54:02', '2022-04-15 17:02:03', 'normal', 0),
('a14a89c4-81d8-45f6-a066-9b7093ba934e', '2022-04-16', '2022-04-16 07:54:02', '2022-04-16 17:02:03', 'normal', 0),
('a14a89c4-81d8-45f6-a066-9b7093ba934e', '2022-04-17', '2022-04-17 07:54:02', '2022-04-17 17:02:03', 'normal', 0),
('a14a89c4-81d8-45f6-a066-9b7093ba934e', '2022-04-20', '2022-04-20 07:54:02', '2022-04-20 17:02:03', 'normal', 0),
('a14a89c4-81d8-45f6-a066-9b7093ba934e', '2022-04-21', '2022-04-21 08:14:02', '2022-04-21 17:02:03', 'late', 0.14),
('a14a89c4-81d8-45f6-a066-9b7093ba934e', '2022-04-22', '2022-04-22 07:54:02', '2022-04-22 17:02:03', 'normal', 0),
('a14a89c4-81d8-45f6-a066-9b7093ba934e', '2022-04-23', '2022-04-23 08:03:02', '2022-04-23 17:02:03', 'late', 0.03),
('a14a89c4-81d8-45f6-a066-9b7093ba934e', '2022-04-24', '2022-04-24 07:54:02', '2022-04-24 16:10:03', 'earlyLeave', 0.5),
('b0310411-83b3-4b35-8912-e19634633a5a', '2022-03-01', '2022-03-01 07:54:02', '2022-03-01 17:02:03', 'normal', 0),
('b0310411-83b3-4b35-8912-e19634633a5a', '2022-03-02', '2022-03-02 07:54:02', '2022-03-02 17:02:03', 'normal', 0),
('b0310411-83b3-4b35-8912-e19634633a5a', '2022-03-03', '2022-03-03 07:54:02', '2022-03-03 17:02:03', 'normal', 0),
('b0310411-83b3-4b35-8912-e19634633a5a', '2022-03-04', '2022-03-04 08:14:02', '2022-03-04 17:02:03', 'late', 0.14),
('b0310411-83b3-4b35-8912-e19634633a5a', '2022-03-05', '2022-03-05 07:54:02', '2022-03-05 17:02:03', 'normal', 0),
('b0310411-83b3-4b35-8912-e19634633a5a', '2022-03-08', '2022-03-08 07:54:02', '2022-03-08 17:02:03', 'normal', 0),
('b0310411-83b3-4b35-8912-e19634633a5a', '2022-03-09', '2022-03-09 07:54:02', '2022-03-09 17:02:03', 'normal', 0),
('b0310411-83b3-4b35-8912-e19634633a5a', '2022-03-10', '2022-03-10 07:54:02', '2022-03-10 17:02:03', 'normal', 0),
('b0310411-83b3-4b35-8912-e19634633a5a', '2022-03-11', '2022-03-11 08:23:02', '2022-03-11 17:02:03', 'late', 0.23),
('b0310411-83b3-4b35-8912-e19634633a5a', '2022-03-12', '2022-03-12 07:54:02', '2022-03-12 17:02:03', 'normal', 0),
('b0310411-83b3-4b35-8912-e19634633a5a', '2022-03-15', '2022-03-15 07:54:02', '2022-03-15 17:02:03', 'normal', 0),
('b0310411-83b3-4b35-8912-e19634633a5a', '2022-03-16', '2022-03-16 07:54:02', '2022-03-16 17:02:03', 'normal', 0),
('b0310411-83b3-4b35-8912-e19634633a5a', '2022-03-17', '2022-03-17 07:54:02', '2022-03-17 17:02:03', 'normal', 0),
('b0310411-83b3-4b35-8912-e19634633a5a', '2022-03-18', '2022-03-18 08:35:02', '2022-03-18 17:02:03', 'late', 0.35),
('b0310411-83b3-4b35-8912-e19634633a5a', '2022-03-19', '2022-03-19 07:54:02', '2022-03-19 17:02:03', 'normal', 0),
('b0310411-83b3-4b35-8912-e19634633a5a', '2022-03-22', '2022-03-22 07:54:02', '2022-03-22 17:02:03', 'normal', 0),
('b0310411-83b3-4b35-8912-e19634633a5a', '2022-03-23', '2022-03-23 07:54:02', '2022-03-23 17:02:03', 'normal', 0),
('b0310411-83b3-4b35-8912-e19634633a5a', '2022-03-24', '2022-03-24 07:54:02', '2022-03-24 20:00:03', 'normal', 0),
('b0310411-83b3-4b35-8912-e19634633a5a', '2022-03-25', '2022-03-25 07:54:02', '2022-03-25 17:02:03', 'normal', 0),
('b0310411-83b3-4b35-8912-e19634633a5a', '2022-03-26', '2022-03-26 07:54:02', '2022-03-26 17:02:03', 'normal', 0),
('b0310411-83b3-4b35-8912-e19634633a5a', '2022-03-29', '2022-03-29 07:54:02', '2022-03-29 17:02:03', 'normal', 0),
('b0310411-83b3-4b35-8912-e19634633a5a', '2022-03-30', '2022-03-30 07:54:02', '2022-03-30 17:02:03', 'normal', 0),
('b0310411-83b3-4b35-8912-e19634633a5a', '2022-04-01', '2022-04-01 07:54:02', '2022-04-01 17:02:03', 'normal', 0),
('b0310411-83b3-4b35-8912-e19634633a5a', '2022-04-02', '2022-04-02 08:12:02', '2022-04-02 17:02:03', 'late', 0.12),
('b0310411-83b3-4b35-8912-e19634633a5a', '2022-04-03', '2022-04-03 07:54:02', '2022-04-03 17:02:03', 'normal', 0),
('b0310411-83b3-4b35-8912-e19634633a5a', '2022-04-06', '2022-04-06 08:08:02', '2022-04-06 17:02:03', 'late', 0.08),
('b0310411-83b3-4b35-8912-e19634633a5a', '2022-04-07', '2022-04-07 07:54:02', '2022-04-07 17:02:03', 'normal', 0),
('b0310411-83b3-4b35-8912-e19634633a5a', '2022-04-08', '2022-04-08 07:54:02', '2022-04-08 17:02:03', 'normal', 0),
('b0310411-83b3-4b35-8912-e19634633a5a', '2022-04-09', '2022-04-09 07:54:02', '2022-04-09 17:02:03', 'normal', 0),
('b0310411-83b3-4b35-8912-e19634633a5a', '2022-04-10', '2022-04-10 07:54:02', '2022-04-10 17:02:03', 'normal', 0),
('b0310411-83b3-4b35-8912-e19634633a5a', '2022-04-13', '2022-04-13 07:54:02', '2022-04-13 16:05:03', 'earlyLeave', 0.55),
('b0310411-83b3-4b35-8912-e19634633a5a', '2022-04-14', '2022-04-14 08:23:02', '2022-04-14 17:02:03', 'late', 0.23),
('b0310411-83b3-4b35-8912-e19634633a5a', '2022-04-15', '2022-04-15 07:54:02', '2022-04-15 17:02:03', 'normal', 0),
('b0310411-83b3-4b35-8912-e19634633a5a', '2022-04-16', '2022-04-16 07:54:02', '2022-04-16 17:02:03', 'normal', 0),
('b0310411-83b3-4b35-8912-e19634633a5a', '2022-04-17', '2022-04-17 07:54:02', '2022-04-17 20:00:03', 'normal', 0),
('b0310411-83b3-4b35-8912-e19634633a5a', '2022-04-20', '2022-04-20 07:54:02', '2022-04-20 17:02:03', 'normal', 0),
('b0310411-83b3-4b35-8912-e19634633a5a', '2022-04-21', '2022-04-21 08:14:02', '2022-04-21 17:02:03', 'late', 0.14),
('b0310411-83b3-4b35-8912-e19634633a5a', '2022-04-22', '2022-04-22 07:54:02', '2022-04-22 21:00:03', 'normal', 0),
('b0310411-83b3-4b35-8912-e19634633a5a', '2022-04-23', '2022-04-23 08:03:02', '2022-04-23 17:02:03', 'late', 0.03),
('b0310411-83b3-4b35-8912-e19634633a5a', '2022-04-24', '2022-04-24 07:54:02', '2022-04-24 16:10:03', 'earlyLeave', 0.5),
('b4ae6215-d26e-4fca-a6bb-2504018f605e', '2022-03-01', '2022-03-01 07:54:02', '2022-03-01 17:02:03', 'normal', 0),
('b4ae6215-d26e-4fca-a6bb-2504018f605e', '2022-03-02', '2022-03-02 07:54:02', '2022-03-02 17:02:03', 'normal', 0),
('b4ae6215-d26e-4fca-a6bb-2504018f605e', '2022-03-03', '2022-03-03 07:54:02', '2022-03-03 21:00:03', 'normal', 0),
('b4ae6215-d26e-4fca-a6bb-2504018f605e', '2022-03-04', '2022-03-04 07:54:02', '2022-03-04 17:02:03', 'absent', 0),
('b4ae6215-d26e-4fca-a6bb-2504018f605e', '2022-03-05', '2022-03-05 07:54:02', '2022-03-05 17:02:03', 'normal', 0),
('b4ae6215-d26e-4fca-a6bb-2504018f605e', '2022-03-08', '2022-03-08 07:54:02', '2022-03-08 17:02:03', 'normal', 0),
('b4ae6215-d26e-4fca-a6bb-2504018f605e', '2022-03-09', '2022-03-09 07:54:02', '2022-03-09 17:02:03', 'normal', 0),
('b4ae6215-d26e-4fca-a6bb-2504018f605e', '2022-03-10', '2022-03-10 08:01:02', '2022-03-10 17:02:03', 'late', 0.01),
('b4ae6215-d26e-4fca-a6bb-2504018f605e', '2022-03-11', '2022-03-11 07:54:02', '2022-03-11 16:49:03', 'earlyLeave', 0.11),
('b4ae6215-d26e-4fca-a6bb-2504018f605e', '2022-03-12', '2022-03-12 07:54:02', '2022-03-12 16:52:03', 'earlyLeave', 0.08),
('b4ae6215-d26e-4fca-a6bb-2504018f605e', '2022-03-15', '2022-03-15 07:54:02', '2022-03-15 17:02:03', 'normal', 0),
('b4ae6215-d26e-4fca-a6bb-2504018f605e', '2022-03-16', '2022-03-16 07:54:02', '2022-03-16 17:02:03', 'normal', 0),
('b4ae6215-d26e-4fca-a6bb-2504018f605e', '2022-03-17', '2022-03-17 07:54:02', '2022-03-17 17:02:03', 'normal', 0),
('b4ae6215-d26e-4fca-a6bb-2504018f605e', '2022-03-18', '2022-03-18 07:54:02', '2022-03-18 17:02:03', 'normal', 0),
('b4ae6215-d26e-4fca-a6bb-2504018f605e', '2022-03-19', '2022-03-19 07:54:02', '2022-03-19 17:02:03', 'normal', 0),
('b4ae6215-d26e-4fca-a6bb-2504018f605e', '2022-03-22', '2022-03-22 07:54:02', '2022-03-22 20:00:03', 'normal', 0),
('b4ae6215-d26e-4fca-a6bb-2504018f605e', '2022-03-23', '2022-03-23 07:54:02', '2022-03-23 17:02:03', 'normal', 0),
('b4ae6215-d26e-4fca-a6bb-2504018f605e', '2022-03-24', '2022-03-24 07:54:02', '2022-03-24 17:02:03', 'normal', 0),
('b4ae6215-d26e-4fca-a6bb-2504018f605e', '2022-03-25', '2022-03-25 07:54:02', '2022-03-25 17:02:03', 'normal', 0),
('b4ae6215-d26e-4fca-a6bb-2504018f605e', '2022-03-26', '2022-03-26 07:54:02', '2022-03-26 17:02:03', 'normal', 0),
('b4ae6215-d26e-4fca-a6bb-2504018f605e', '2022-03-29', '2022-03-29 07:54:02', '2022-03-29 17:02:03', 'normal', 0);
INSERT INTO `dailytime` (`employeeID`, `date`, `clockIn`, `clockOut`, `type`, `lateHrs`) VALUES
('b4ae6215-d26e-4fca-a6bb-2504018f605e', '2022-03-30', '2022-03-30 07:54:02', '2022-03-30 17:02:03', 'normal', 0),
('b4ae6215-d26e-4fca-a6bb-2504018f605e', '2022-04-01', '2022-04-01 07:54:02', '2022-04-01 17:02:03', 'normal', 0),
('b4ae6215-d26e-4fca-a6bb-2504018f605e', '2022-04-02', '2022-04-02 08:12:02', '2022-04-02 17:02:03', 'late', 0.12),
('b4ae6215-d26e-4fca-a6bb-2504018f605e', '2022-04-03', '2022-04-03 07:54:02', '2022-04-03 17:02:03', 'normal', 0),
('b4ae6215-d26e-4fca-a6bb-2504018f605e', '2022-04-06', '2022-04-06 08:08:02', '2022-04-06 17:02:03', 'late', 0.08),
('b4ae6215-d26e-4fca-a6bb-2504018f605e', '2022-04-07', '2022-04-07 07:54:02', '2022-04-07 17:02:03', 'normal', 0),
('b4ae6215-d26e-4fca-a6bb-2504018f605e', '2022-04-08', '2022-04-08 07:54:02', '2022-04-08 17:02:03', 'normal', 0),
('b4ae6215-d26e-4fca-a6bb-2504018f605e', '2022-04-09', '2022-04-09 07:54:02', '2022-04-09 17:02:03', 'normal', 0),
('b4ae6215-d26e-4fca-a6bb-2504018f605e', '2022-04-10', '2022-04-10 07:54:02', '2022-04-10 17:02:03', 'normal', 0),
('b4ae6215-d26e-4fca-a6bb-2504018f605e', '2022-04-13', '2022-04-13 07:54:02', '2022-04-13 16:05:03', 'earlyLeave', 0.55),
('b4ae6215-d26e-4fca-a6bb-2504018f605e', '2022-04-14', '2022-04-14 08:23:02', '2022-04-14 17:02:03', 'late', 0.23),
('b4ae6215-d26e-4fca-a6bb-2504018f605e', '2022-04-15', '2022-04-15 07:54:02', '2022-04-15 20:00:03', 'normal', 0),
('b4ae6215-d26e-4fca-a6bb-2504018f605e', '2022-04-16', '2022-04-16 07:54:02', '2022-04-16 17:02:03', 'normal', 0),
('b4ae6215-d26e-4fca-a6bb-2504018f605e', '2022-04-17', '2022-04-17 07:54:02', '2022-04-17 17:02:03', 'normal', 0),
('b4ae6215-d26e-4fca-a6bb-2504018f605e', '2022-04-20', '2022-04-20 07:54:02', '2022-04-20 17:02:03', 'normal', 0),
('b4ae6215-d26e-4fca-a6bb-2504018f605e', '2022-04-21', '2022-04-21 08:14:02', '2022-04-21 17:02:03', 'late', 0.14),
('b4ae6215-d26e-4fca-a6bb-2504018f605e', '2022-04-22', '2022-04-22 07:54:02', '2022-04-22 17:02:03', 'normal', 0),
('b4ae6215-d26e-4fca-a6bb-2504018f605e', '2022-04-23', '2022-04-23 08:03:02', '2022-04-23 17:02:03', 'late', 0.03),
('b4ae6215-d26e-4fca-a6bb-2504018f605e', '2022-04-24', '2022-04-24 07:54:02', '2022-04-24 16:10:03', 'earlyLeave', 0.5),
('be6782ba-7b78-4fb9-9e60-06fa20d39eb6', '2022-03-01', '2022-03-01 07:54:02', '2022-03-01 17:02:03', 'normal', 0),
('be6782ba-7b78-4fb9-9e60-06fa20d39eb6', '2022-03-02', '2022-03-02 07:54:02', '2022-03-02 17:02:03', 'normal', 0),
('be6782ba-7b78-4fb9-9e60-06fa20d39eb6', '2022-03-03', '2022-03-03 07:54:02', '2022-03-03 17:02:03', 'normal', 0),
('be6782ba-7b78-4fb9-9e60-06fa20d39eb6', '2022-03-04', '2022-03-04 08:44:02', '2022-03-04 17:02:03', 'late', 0.44),
('be6782ba-7b78-4fb9-9e60-06fa20d39eb6', '2022-03-05', '2022-03-05 07:54:02', '2022-03-05 16:32:03', 'earlyLeave', 0.28),
('be6782ba-7b78-4fb9-9e60-06fa20d39eb6', '2022-03-08', '2022-03-08 07:54:02', '2022-03-08 17:02:03', 'normal', 0),
('be6782ba-7b78-4fb9-9e60-06fa20d39eb6', '2022-03-09', '2022-03-09 07:54:02', '2022-03-09 17:02:03', 'normal', 0),
('be6782ba-7b78-4fb9-9e60-06fa20d39eb6', '2022-03-10', '2022-03-10 08:19:02', '2022-03-10 17:02:03', 'late', 0.19),
('be6782ba-7b78-4fb9-9e60-06fa20d39eb6', '2022-03-11', '2022-03-11 07:54:02', '2022-03-11 17:02:03', 'normal', 0),
('be6782ba-7b78-4fb9-9e60-06fa20d39eb6', '2022-03-12', '2022-03-12 08:05:02', '2022-03-12 17:02:03', 'late', 0.05),
('be6782ba-7b78-4fb9-9e60-06fa20d39eb6', '2022-03-15', '2022-03-15 07:54:02', '2022-03-15 17:02:03', 'normal', 0),
('be6782ba-7b78-4fb9-9e60-06fa20d39eb6', '2022-03-16', '2022-03-16 08:09:02', '2022-03-16 17:02:03', 'late', 0.09),
('be6782ba-7b78-4fb9-9e60-06fa20d39eb6', '2022-03-17', '2022-03-17 07:54:02', '2022-03-17 20:00:03', 'normal', 0),
('be6782ba-7b78-4fb9-9e60-06fa20d39eb6', '2022-03-18', '2022-03-18 07:54:02', '2022-03-18 17:02:03', 'normal', 0),
('be6782ba-7b78-4fb9-9e60-06fa20d39eb6', '2022-03-19', '2022-03-19 07:54:02', '2022-03-19 20:00:03', 'normal', 0),
('be6782ba-7b78-4fb9-9e60-06fa20d39eb6', '2022-03-22', '2022-03-22 07:54:02', '2022-03-22 17:02:03', 'normal', 0),
('be6782ba-7b78-4fb9-9e60-06fa20d39eb6', '2022-03-23', '2022-03-23 07:54:02', '2022-03-23 17:02:03', 'normal', 0),
('be6782ba-7b78-4fb9-9e60-06fa20d39eb6', '2022-03-24', '2022-03-24 07:54:02', '2022-03-24 17:02:03', 'normal', 0),
('be6782ba-7b78-4fb9-9e60-06fa20d39eb6', '2022-03-25', '2022-03-25 07:54:02', '2022-03-25 17:02:03', 'normal', 0),
('be6782ba-7b78-4fb9-9e60-06fa20d39eb6', '2022-03-26', '2022-03-26 07:54:02', '2022-03-26 17:02:03', 'normal', 0),
('be6782ba-7b78-4fb9-9e60-06fa20d39eb6', '2022-03-29', '2022-03-29 07:54:02', '2022-03-29 17:02:03', 'normal', 0),
('be6782ba-7b78-4fb9-9e60-06fa20d39eb6', '2022-03-30', '2022-03-30 07:54:02', '2022-03-30 17:02:03', 'normal', 0),
('be6782ba-7b78-4fb9-9e60-06fa20d39eb6', '2022-04-01', '2022-04-01 07:54:02', '2022-04-01 17:02:03', 'normal', 0),
('be6782ba-7b78-4fb9-9e60-06fa20d39eb6', '2022-04-02', '2022-04-02 08:12:02', '2022-04-02 17:02:03', 'late', 0.12),
('be6782ba-7b78-4fb9-9e60-06fa20d39eb6', '2022-04-03', '2022-04-03 07:54:02', '2022-04-03 17:02:03', 'normal', 0),
('be6782ba-7b78-4fb9-9e60-06fa20d39eb6', '2022-04-06', '2022-04-06 08:08:02', '2022-04-06 17:02:03', 'late', 0.08),
('be6782ba-7b78-4fb9-9e60-06fa20d39eb6', '2022-04-07', '2022-04-07 07:54:02', '2022-04-07 17:02:03', 'normal', 0),
('be6782ba-7b78-4fb9-9e60-06fa20d39eb6', '2022-04-08', '2022-04-08 07:54:02', '2022-04-08 17:02:03', 'normal', 0),
('be6782ba-7b78-4fb9-9e60-06fa20d39eb6', '2022-04-09', '2022-04-09 07:54:02', '2022-04-09 17:02:03', 'normal', 0),
('be6782ba-7b78-4fb9-9e60-06fa20d39eb6', '2022-04-10', '2022-04-10 07:54:02', '2022-04-10 17:02:03', 'normal', 0),
('be6782ba-7b78-4fb9-9e60-06fa20d39eb6', '2022-04-13', '2022-04-13 07:54:02', '2022-04-13 16:05:03', 'earlyLeave', 0.55),
('be6782ba-7b78-4fb9-9e60-06fa20d39eb6', '2022-04-14', '2022-04-14 08:23:02', '2022-04-14 17:02:03', 'late', 0.23),
('be6782ba-7b78-4fb9-9e60-06fa20d39eb6', '2022-04-15', '2022-04-15 07:54:02', '2022-04-15 17:02:03', 'normal', 0),
('be6782ba-7b78-4fb9-9e60-06fa20d39eb6', '2022-04-16', '2022-04-16 07:54:02', '2022-04-16 17:02:03', 'normal', 0),
('be6782ba-7b78-4fb9-9e60-06fa20d39eb6', '2022-04-17', '2022-04-17 07:54:02', '2022-04-17 17:02:03', 'normal', 0),
('be6782ba-7b78-4fb9-9e60-06fa20d39eb6', '2022-04-20', '2022-04-20 07:54:02', '2022-04-20 17:02:03', 'normal', 0),
('be6782ba-7b78-4fb9-9e60-06fa20d39eb6', '2022-04-21', '2022-04-21 08:14:02', '2022-04-21 17:02:03', 'late', 0.14),
('be6782ba-7b78-4fb9-9e60-06fa20d39eb6', '2022-04-22', '2022-04-22 07:54:02', '2022-04-22 21:00:03', 'normal', 0),
('be6782ba-7b78-4fb9-9e60-06fa20d39eb6', '2022-04-23', '2022-04-23 08:03:02', '2022-04-23 17:02:03', 'late', 0.03),
('be6782ba-7b78-4fb9-9e60-06fa20d39eb6', '2022-04-24', '2022-04-24 07:54:02', '2022-04-24 16:10:03', 'earlyLeave', 0.5),
('cfcb1bcf-3965-41c4-870e-f000f131e2c5', '2022-03-01', '2022-03-01 07:54:02', '2022-03-01 16:01:03', 'earlyLeave', 0.59),
('cfcb1bcf-3965-41c4-870e-f000f131e2c5', '2022-03-02', '2022-03-02 07:54:02', '2022-03-02 17:02:03', 'normal', 0),
('cfcb1bcf-3965-41c4-870e-f000f131e2c5', '2022-03-03', '2022-03-03 07:54:02', '2022-03-03 17:02:03', 'normal', 0),
('cfcb1bcf-3965-41c4-870e-f000f131e2c5', '2022-03-04', '2022-03-04 07:54:02', '2022-03-04 17:02:03', 'normal', 0),
('cfcb1bcf-3965-41c4-870e-f000f131e2c5', '2022-03-05', '2022-03-05 08:20:02', '2022-03-05 17:02:03', 'late', 0.2),
('cfcb1bcf-3965-41c4-870e-f000f131e2c5', '2022-03-08', '2022-03-08 07:54:02', '2022-03-08 20:00:03', 'normal', 0),
('cfcb1bcf-3965-41c4-870e-f000f131e2c5', '2022-03-09', '2022-03-09 07:54:02', '2022-03-09 17:02:03', 'normal', 0),
('cfcb1bcf-3965-41c4-870e-f000f131e2c5', '2022-03-10', '2022-03-10 07:54:02', '2022-03-10 17:02:03', 'normal', 0),
('cfcb1bcf-3965-41c4-870e-f000f131e2c5', '2022-03-11', '2022-03-11 07:54:02', '2022-03-11 17:02:03', 'normal', 0),
('cfcb1bcf-3965-41c4-870e-f000f131e2c5', '2022-03-12', '2022-03-12 07:54:02', '2022-03-12 17:02:03', 'normal', 0),
('cfcb1bcf-3965-41c4-870e-f000f131e2c5', '2022-03-15', '2022-03-15 07:54:02', '2022-03-15 17:02:03', 'normal', 0),
('cfcb1bcf-3965-41c4-870e-f000f131e2c5', '2022-03-16', '2022-03-16 07:54:02', '2022-03-16 17:02:03', 'normal', 0),
('cfcb1bcf-3965-41c4-870e-f000f131e2c5', '2022-03-17', '2022-03-17 07:54:02', '2022-03-17 17:02:03', 'normal', 0),
('cfcb1bcf-3965-41c4-870e-f000f131e2c5', '2022-03-18', '2022-03-18 07:54:02', '2022-03-18 17:02:03', 'normal', 0),
('cfcb1bcf-3965-41c4-870e-f000f131e2c5', '2022-03-19', '2022-03-19 07:54:02', '2022-03-19 17:02:03', 'normal', 0),
('cfcb1bcf-3965-41c4-870e-f000f131e2c5', '2022-03-22', '2022-03-22 07:54:02', '2022-03-22 17:02:03', 'normal', 0),
('cfcb1bcf-3965-41c4-870e-f000f131e2c5', '2022-03-23', '2022-03-23 07:54:02', '2022-03-23 17:02:03', 'normal', 0),
('cfcb1bcf-3965-41c4-870e-f000f131e2c5', '2022-03-24', '2022-03-24 07:54:02', '2022-03-24 17:02:03', 'normal', 0),
('cfcb1bcf-3965-41c4-870e-f000f131e2c5', '2022-03-25', '2022-03-25 07:54:02', '2022-03-25 17:02:03', 'normal', 0),
('cfcb1bcf-3965-41c4-870e-f000f131e2c5', '2022-03-26', '2022-03-26 07:54:02', '2022-03-26 17:02:03', 'normal', 0),
('cfcb1bcf-3965-41c4-870e-f000f131e2c5', '2022-03-29', '2022-03-29 07:54:02', '2022-03-29 17:02:03', 'normal', 0),
('cfcb1bcf-3965-41c4-870e-f000f131e2c5', '2022-03-30', '2022-03-30 07:54:02', '2022-03-30 17:02:03', 'normal', 0),
('cfcb1bcf-3965-41c4-870e-f000f131e2c5', '2022-04-01', '2022-04-01 07:54:02', '2022-04-01 17:02:03', 'normal', 0),
('cfcb1bcf-3965-41c4-870e-f000f131e2c5', '2022-04-02', '2022-04-02 08:12:02', '2022-04-02 17:02:03', 'late', 0.12),
('cfcb1bcf-3965-41c4-870e-f000f131e2c5', '2022-04-03', '2022-04-03 07:54:02', '2022-04-03 17:02:03', 'normal', 0),
('cfcb1bcf-3965-41c4-870e-f000f131e2c5', '2022-04-06', '2022-04-06 08:08:02', '2022-04-06 17:02:03', 'late', 0.08),
('cfcb1bcf-3965-41c4-870e-f000f131e2c5', '2022-04-07', '2022-04-07 07:54:02', '2022-04-07 17:02:03', 'normal', 0),
('cfcb1bcf-3965-41c4-870e-f000f131e2c5', '2022-04-08', '2022-04-08 07:54:02', '2022-04-08 21:00:03', 'normal', 0),
('cfcb1bcf-3965-41c4-870e-f000f131e2c5', '2022-04-09', '2022-04-09 07:54:02', '2022-04-09 17:02:03', 'normal', 0),
('cfcb1bcf-3965-41c4-870e-f000f131e2c5', '2022-04-10', '2022-04-10 07:54:02', '2022-04-10 17:02:03', 'normal', 0),
('cfcb1bcf-3965-41c4-870e-f000f131e2c5', '2022-04-13', '2022-04-13 07:54:02', '2022-04-13 16:05:03', 'earlyLeave', 0.55),
('cfcb1bcf-3965-41c4-870e-f000f131e2c5', '2022-04-14', '2022-04-14 08:23:02', '2022-04-14 17:02:03', 'late', 0.23),
('cfcb1bcf-3965-41c4-870e-f000f131e2c5', '2022-04-15', '2022-04-15 07:54:02', '2022-04-15 17:02:03', 'normal', 0),
('cfcb1bcf-3965-41c4-870e-f000f131e2c5', '2022-04-16', '2022-04-16 07:54:02', '2022-04-16 17:02:03', 'normal', 0),
('cfcb1bcf-3965-41c4-870e-f000f131e2c5', '2022-04-17', '2022-04-17 07:54:02', '2022-04-17 17:02:03', 'normal', 0),
('cfcb1bcf-3965-41c4-870e-f000f131e2c5', '2022-04-20', '2022-04-20 07:54:02', '2022-04-20 17:02:03', 'normal', 0),
('cfcb1bcf-3965-41c4-870e-f000f131e2c5', '2022-04-21', '2022-04-21 08:14:02', '2022-04-21 17:02:03', 'late', 0.14),
('cfcb1bcf-3965-41c4-870e-f000f131e2c5', '2022-04-22', '2022-04-22 07:54:02', '2022-04-22 17:02:03', 'normal', 0),
('cfcb1bcf-3965-41c4-870e-f000f131e2c5', '2022-04-23', '2022-04-23 08:03:02', '2022-04-23 17:02:03', 'late', 0.03),
('cfcb1bcf-3965-41c4-870e-f000f131e2c5', '2022-04-24', '2022-04-24 07:54:02', '2022-04-24 16:10:03', 'earlyLeave', 0.5),
('e6c88551-1877-4ee7-b8bd-91f22af8e86f', '2022-03-01', '2022-03-01 07:54:02', '2022-03-01 17:02:03', 'normal', 0),
('e6c88551-1877-4ee7-b8bd-91f22af8e86f', '2022-03-02', '2022-03-02 07:54:02', '2022-03-02 21:00:03', 'normal', 0),
('e6c88551-1877-4ee7-b8bd-91f22af8e86f', '2022-03-03', '2022-03-03 07:54:02', '2022-03-03 17:02:03', 'normal', 0),
('e6c88551-1877-4ee7-b8bd-91f22af8e86f', '2022-03-04', '2022-03-04 07:54:02', '2022-03-04 17:02:03', 'normal', 0),
('e6c88551-1877-4ee7-b8bd-91f22af8e86f', '2022-03-05', '2022-03-05 07:54:02', '2022-03-05 17:02:03', 'normal', 0),
('e6c88551-1877-4ee7-b8bd-91f22af8e86f', '2022-03-08', '2022-03-08 07:54:02', '2022-03-08 17:02:03', 'normal', 0),
('e6c88551-1877-4ee7-b8bd-91f22af8e86f', '2022-03-09', '2022-03-09 07:54:02', '2022-03-09 17:02:03', 'normal', 0),
('e6c88551-1877-4ee7-b8bd-91f22af8e86f', '2022-03-10', '2022-03-10 07:54:02', '2022-03-10 16:58:03', 'earlyLeave', 0.02),
('e6c88551-1877-4ee7-b8bd-91f22af8e86f', '2022-03-11', '2022-03-11 07:54:02', '2022-03-11 17:02:03', 'normal', 0),
('e6c88551-1877-4ee7-b8bd-91f22af8e86f', '2022-03-12', '2022-03-12 08:55:02', '2022-03-12 17:02:03', 'late', 0.55),
('e6c88551-1877-4ee7-b8bd-91f22af8e86f', '2022-03-15', '2022-03-15 07:54:02', '2022-03-15 17:02:03', 'normal', 0),
('e6c88551-1877-4ee7-b8bd-91f22af8e86f', '2022-03-16', '2022-03-16 07:54:02', '2022-03-16 17:02:03', 'normal', 0),
('e6c88551-1877-4ee7-b8bd-91f22af8e86f', '2022-03-17', '2022-03-17 07:54:02', '2022-03-17 17:02:03', 'normal', 0),
('e6c88551-1877-4ee7-b8bd-91f22af8e86f', '2022-03-18', '2022-03-18 08:04:02', '2022-03-18 17:02:03', 'late', 0.04),
('e6c88551-1877-4ee7-b8bd-91f22af8e86f', '2022-03-19', '2022-03-19 07:54:02', '2022-03-19 17:02:03', 'normal', 0),
('e6c88551-1877-4ee7-b8bd-91f22af8e86f', '2022-03-22', '2022-03-22 08:07:02', '2022-03-22 17:02:03', 'late', 0.07),
('e6c88551-1877-4ee7-b8bd-91f22af8e86f', '2022-03-23', '2022-03-23 07:54:02', '2022-03-23 17:02:03', 'normal', 0),
('e6c88551-1877-4ee7-b8bd-91f22af8e86f', '2022-03-24', '2022-03-24 07:54:02', '2022-03-24 17:02:03', 'normal', 0),
('e6c88551-1877-4ee7-b8bd-91f22af8e86f', '2022-03-25', '2022-03-25 07:54:02', '2022-03-25 17:02:03', 'normal', 0),
('e6c88551-1877-4ee7-b8bd-91f22af8e86f', '2022-03-26', '2022-03-26 07:54:02', '2022-03-26 17:02:03', 'absent', 0),
('e6c88551-1877-4ee7-b8bd-91f22af8e86f', '2022-03-29', '2022-03-29 07:54:02', '2022-03-29 17:02:03', 'normal', 0),
('e6c88551-1877-4ee7-b8bd-91f22af8e86f', '2022-03-30', '2022-03-30 07:54:02', '2022-03-30 17:02:03', 'normal', 0),
('e6c88551-1877-4ee7-b8bd-91f22af8e86f', '2022-04-01', '2022-04-01 07:54:02', '2022-04-01 17:02:03', 'normal', 0),
('e6c88551-1877-4ee7-b8bd-91f22af8e86f', '2022-04-02', '2022-04-02 08:12:02', '2022-04-02 17:02:03', 'late', 0.12),
('e6c88551-1877-4ee7-b8bd-91f22af8e86f', '2022-04-03', '2022-04-03 07:54:02', '2022-04-03 17:02:03', 'normal', 0),
('e6c88551-1877-4ee7-b8bd-91f22af8e86f', '2022-04-06', '2022-04-06 08:08:02', '2022-04-06 17:02:03', 'late', 0.08),
('e6c88551-1877-4ee7-b8bd-91f22af8e86f', '2022-04-07', '2022-04-07 07:54:02', '2022-04-07 20:00:03', 'normal', 0),
('e6c88551-1877-4ee7-b8bd-91f22af8e86f', '2022-04-08', '2022-04-08 07:54:02', '2022-04-08 17:02:03', 'normal', 0),
('e6c88551-1877-4ee7-b8bd-91f22af8e86f', '2022-04-09', '2022-04-09 07:54:02', '2022-04-09 17:02:03', 'normal', 0),
('e6c88551-1877-4ee7-b8bd-91f22af8e86f', '2022-04-10', '2022-04-10 07:54:02', '2022-04-10 17:02:03', 'normal', 0),
('e6c88551-1877-4ee7-b8bd-91f22af8e86f', '2022-04-13', '2022-04-13 07:54:02', '2022-04-13 16:05:03', 'earlyLeave', 0.55),
('e6c88551-1877-4ee7-b8bd-91f22af8e86f', '2022-04-14', '2022-04-14 08:23:02', '2022-04-14 17:02:03', 'late', 0.23),
('e6c88551-1877-4ee7-b8bd-91f22af8e86f', '2022-04-15', '2022-04-15 07:54:02', '2022-04-15 17:02:03', 'normal', 0),
('e6c88551-1877-4ee7-b8bd-91f22af8e86f', '2022-04-16', '2022-04-16 07:54:02', '2022-04-16 17:02:03', 'normal', 0),
('e6c88551-1877-4ee7-b8bd-91f22af8e86f', '2022-04-17', '2022-04-17 07:54:02', '2022-04-17 17:02:03', 'normal', 0),
('e6c88551-1877-4ee7-b8bd-91f22af8e86f', '2022-04-20', '2022-04-20 07:54:02', '2022-04-20 17:02:03', 'normal', 0),
('e6c88551-1877-4ee7-b8bd-91f22af8e86f', '2022-04-21', '2022-04-21 08:14:02', '2022-04-21 17:02:03', 'late', 0.14),
('e6c88551-1877-4ee7-b8bd-91f22af8e86f', '2022-04-22', '2022-04-22 07:54:02', '2022-04-22 17:02:03', 'normal', 0),
('e6c88551-1877-4ee7-b8bd-91f22af8e86f', '2022-04-23', '2022-04-23 08:03:02', '2022-04-23 17:02:03', 'late', 0.03),
('e6c88551-1877-4ee7-b8bd-91f22af8e86f', '2022-04-24', '2022-04-24 07:54:02', '2022-04-24 16:10:03', 'earlyLeave', 0.5),
('ec1c2b55-f1e4-4871-93cd-1ded4591edd9', '2022-03-01', '2022-03-01 08:16:02', '2022-03-01 17:02:03', 'late', 0.16),
('ec1c2b55-f1e4-4871-93cd-1ded4591edd9', '2022-03-02', '2022-03-02 07:54:02', '2022-03-02 17:02:03', 'normal', 0),
('ec1c2b55-f1e4-4871-93cd-1ded4591edd9', '2022-03-03', '2022-03-03 07:54:02', '2022-03-03 17:02:03', 'normal', 0),
('ec1c2b55-f1e4-4871-93cd-1ded4591edd9', '2022-03-04', '2022-03-04 07:54:02', '2022-03-04 17:02:03', 'normal', 0),
('ec1c2b55-f1e4-4871-93cd-1ded4591edd9', '2022-03-05', '2022-03-05 07:54:02', '2022-03-05 17:02:03', 'normal', 0),
('ec1c2b55-f1e4-4871-93cd-1ded4591edd9', '2022-03-08', '2022-03-08 08:24:02', '2022-03-08 17:02:03', 'late', 0.24),
('ec1c2b55-f1e4-4871-93cd-1ded4591edd9', '2022-03-09', '2022-03-09 07:54:02', '2022-03-09 20:00:03', 'normal', 0),
('ec1c2b55-f1e4-4871-93cd-1ded4591edd9', '2022-03-10', '2022-03-10 07:54:02', '2022-03-10 16:42:03', 'earlyLeave', 0.18),
('ec1c2b55-f1e4-4871-93cd-1ded4591edd9', '2022-03-11', '2022-03-11 07:54:02', '2022-03-11 17:02:03', 'normal', 0),
('ec1c2b55-f1e4-4871-93cd-1ded4591edd9', '2022-03-12', '2022-03-12 07:54:02', '2022-03-12 17:02:03', 'normal', 0),
('ec1c2b55-f1e4-4871-93cd-1ded4591edd9', '2022-03-15', '2022-03-15 08:13:02', '2022-03-15 17:02:03', 'late', 0.13),
('ec1c2b55-f1e4-4871-93cd-1ded4591edd9', '2022-03-16', '2022-03-16 07:54:02', '2022-03-16 17:02:03', 'normal', 0),
('ec1c2b55-f1e4-4871-93cd-1ded4591edd9', '2022-03-17', '2022-03-17 08:02:02', '2022-03-17 17:02:03', 'late', 0.02),
('ec1c2b55-f1e4-4871-93cd-1ded4591edd9', '2022-03-18', '2022-03-18 07:54:02', '2022-03-18 16:21:03', 'earlyLeave', 0.39),
('ec1c2b55-f1e4-4871-93cd-1ded4591edd9', '2022-03-19', '2022-03-19 07:54:02', '2022-03-19 17:02:03', 'normal', 0),
('ec1c2b55-f1e4-4871-93cd-1ded4591edd9', '2022-03-22', '2022-03-22 07:54:02', '2022-03-22 17:02:03', 'normal', 0),
('ec1c2b55-f1e4-4871-93cd-1ded4591edd9', '2022-03-23', '2022-03-23 07:54:02', '2022-03-23 20:00:03', 'normal', 0),
('ec1c2b55-f1e4-4871-93cd-1ded4591edd9', '2022-03-24', '2022-03-24 07:54:02', '2022-03-24 17:02:03', 'normal', 0),
('ec1c2b55-f1e4-4871-93cd-1ded4591edd9', '2022-03-25', '2022-03-25 08:06:02', '2022-03-25 17:02:03', 'late', 0.06),
('ec1c2b55-f1e4-4871-93cd-1ded4591edd9', '2022-03-26', '2022-03-26 07:54:02', '2022-03-26 17:02:03', 'normal', 0),
('ec1c2b55-f1e4-4871-93cd-1ded4591edd9', '2022-03-29', '2022-03-29 07:54:02', '2022-03-29 17:02:03', 'normal', 0),
('ec1c2b55-f1e4-4871-93cd-1ded4591edd9', '2022-03-30', '2022-03-30 07:54:02', '2022-03-30 17:02:03', 'normal', 0),
('ec1c2b55-f1e4-4871-93cd-1ded4591edd9', '2022-04-01', '2022-04-01 07:54:02', '2022-04-01 17:02:03', 'normal', 0),
('ec1c2b55-f1e4-4871-93cd-1ded4591edd9', '2022-04-02', '2022-04-02 08:12:02', '2022-04-02 17:02:03', 'late', 0.12),
('ec1c2b55-f1e4-4871-93cd-1ded4591edd9', '2022-04-03', '2022-04-03 07:54:02', '2022-04-03 17:02:03', 'normal', 0),
('ec1c2b55-f1e4-4871-93cd-1ded4591edd9', '2022-04-06', '2022-04-06 08:08:02', '2022-04-06 17:02:03', 'late', 0.08),
('ec1c2b55-f1e4-4871-93cd-1ded4591edd9', '2022-04-07', '2022-04-07 07:54:02', '2022-04-07 17:02:03', 'normal', 0),
('ec1c2b55-f1e4-4871-93cd-1ded4591edd9', '2022-04-08', '2022-04-08 07:54:02', '2022-04-08 17:02:03', 'normal', 0),
('ec1c2b55-f1e4-4871-93cd-1ded4591edd9', '2022-04-09', '2022-04-09 07:54:02', '2022-04-09 17:02:03', 'normal', 0),
('ec1c2b55-f1e4-4871-93cd-1ded4591edd9', '2022-04-10', '2022-04-10 07:54:02', '2022-04-10 17:02:03', 'normal', 0),
('ec1c2b55-f1e4-4871-93cd-1ded4591edd9', '2022-04-13', '2022-04-13 07:54:02', '2022-04-13 16:05:03', 'earlyLeave', 0.55),
('ec1c2b55-f1e4-4871-93cd-1ded4591edd9', '2022-04-14', '2022-04-14 08:23:02', '2022-04-14 17:02:03', 'late', 0.23),
('ec1c2b55-f1e4-4871-93cd-1ded4591edd9', '2022-04-15', '2022-04-15 07:54:02', '2022-04-15 17:02:03', 'normal', 0),
('ec1c2b55-f1e4-4871-93cd-1ded4591edd9', '2022-04-16', '2022-04-16 07:54:02', '2022-04-16 17:02:03', 'absent', 0),
('ec1c2b55-f1e4-4871-93cd-1ded4591edd9', '2022-04-17', '2022-04-17 07:54:02', '2022-04-17 17:02:03', 'normal', 0),
('ec1c2b55-f1e4-4871-93cd-1ded4591edd9', '2022-04-20', '2022-04-20 07:54:02', '2022-04-20 17:02:03', 'normal', 0),
('ec1c2b55-f1e4-4871-93cd-1ded4591edd9', '2022-04-21', '2022-04-21 08:14:02', '2022-04-21 17:02:03', 'late', 0.14),
('ec1c2b55-f1e4-4871-93cd-1ded4591edd9', '2022-04-22', '2022-04-22 07:54:02', '2022-04-22 17:02:03', 'normal', 0),
('ec1c2b55-f1e4-4871-93cd-1ded4591edd9', '2022-04-23', '2022-04-23 08:03:02', '2022-04-23 17:02:03', 'late', 0.03),
('ec1c2b55-f1e4-4871-93cd-1ded4591edd9', '2022-04-24', '2022-04-24 07:54:02', '2022-04-24 16:10:03', 'earlyLeave', 0.5),
('ef49e1cb-b3e9-4115-92bc-68f71ca4836c', '2022-03-01', '2022-03-01 07:54:02', '2022-03-01 17:02:03', 'normal', 0),
('ef49e1cb-b3e9-4115-92bc-68f71ca4836c', '2022-03-02', '2022-03-02 08:03:02', '2022-03-02 17:02:03', 'late', 0.03),
('ef49e1cb-b3e9-4115-92bc-68f71ca4836c', '2022-03-03', '2022-03-03 07:54:02', '2022-03-03 17:02:03', 'normal', 0),
('ef49e1cb-b3e9-4115-92bc-68f71ca4836c', '2022-03-04', '2022-03-04 08:10:02', '2022-03-04 17:02:03', 'late', 0.1),
('ef49e1cb-b3e9-4115-92bc-68f71ca4836c', '2022-03-05', '2022-03-05 07:54:02', '2022-03-05 17:02:03', 'normal', 0),
('ef49e1cb-b3e9-4115-92bc-68f71ca4836c', '2022-03-08', '2022-03-08 07:54:02', '2022-03-08 17:02:03', 'normal', 0),
('ef49e1cb-b3e9-4115-92bc-68f71ca4836c', '2022-03-09', '2022-03-09 07:54:02', '2022-03-09 17:02:03', 'normal', 0),
('ef49e1cb-b3e9-4115-92bc-68f71ca4836c', '2022-03-10', '2022-03-10 07:54:02', '2022-03-10 17:02:03', 'normal', 0),
('ef49e1cb-b3e9-4115-92bc-68f71ca4836c', '2022-03-11', '2022-03-11 07:54:02', '2022-03-11 17:02:03', 'normal', 0),
('ef49e1cb-b3e9-4115-92bc-68f71ca4836c', '2022-03-12', '2022-03-12 08:34:02', '2022-03-12 17:02:03', 'late', 0.34),
('ef49e1cb-b3e9-4115-92bc-68f71ca4836c', '2022-03-15', '2022-03-15 07:54:02', '2022-03-15 17:02:03', 'normal', 0),
('ef49e1cb-b3e9-4115-92bc-68f71ca4836c', '2022-03-16', '2022-03-16 07:54:02', '2022-03-16 17:02:03', 'normal', 0),
('ef49e1cb-b3e9-4115-92bc-68f71ca4836c', '2022-03-17', '2022-03-17 07:54:02', '2022-03-17 17:02:03', 'normal', 0),
('ef49e1cb-b3e9-4115-92bc-68f71ca4836c', '2022-03-18', '2022-03-18 07:54:02', '2022-03-18 14:07:03', 'earlyLeave', 2.53),
('ef49e1cb-b3e9-4115-92bc-68f71ca4836c', '2022-03-19', '2022-03-19 07:54:02', '2022-03-19 17:02:03', 'normal', 0),
('ef49e1cb-b3e9-4115-92bc-68f71ca4836c', '2022-03-22', '2022-03-22 07:54:02', '2022-03-22 17:02:03', 'normal', 0),
('ef49e1cb-b3e9-4115-92bc-68f71ca4836c', '2022-03-23', '2022-03-23 07:54:02', '2022-03-23 17:02:03', 'normal', 0),
('ef49e1cb-b3e9-4115-92bc-68f71ca4836c', '2022-03-24', '2022-03-24 07:54:02', '2022-03-24 17:02:03', 'normal', 0),
('ef49e1cb-b3e9-4115-92bc-68f71ca4836c', '2022-03-25', '2022-03-25 07:54:02', '2022-03-25 21:00:03', 'normal', 0),
('ef49e1cb-b3e9-4115-92bc-68f71ca4836c', '2022-03-26', '2022-03-26 07:54:02', '2022-03-26 17:02:03', 'normal', 0),
('ef49e1cb-b3e9-4115-92bc-68f71ca4836c', '2022-03-29', '2022-03-29 07:54:02', '2022-03-29 17:02:03', 'normal', 0),
('ef49e1cb-b3e9-4115-92bc-68f71ca4836c', '2022-03-30', '2022-03-30 07:54:02', '2022-03-30 17:02:03', 'normal', 0),
('ef49e1cb-b3e9-4115-92bc-68f71ca4836c', '2022-04-01', '2022-04-01 07:54:02', '2022-04-01 17:02:03', 'normal', 0),
('ef49e1cb-b3e9-4115-92bc-68f71ca4836c', '2022-04-02', '2022-04-02 08:12:02', '2022-04-02 17:02:03', 'late', 0.12),
('ef49e1cb-b3e9-4115-92bc-68f71ca4836c', '2022-04-03', '2022-04-03 07:54:02', '2022-04-03 17:02:03', 'normal', 0),
('ef49e1cb-b3e9-4115-92bc-68f71ca4836c', '2022-04-06', '2022-04-06 08:08:02', '2022-04-06 17:02:03', 'late', 0.08),
('ef49e1cb-b3e9-4115-92bc-68f71ca4836c', '2022-04-07', '2022-04-07 07:54:02', '2022-04-07 20:00:03', 'normal', 0),
('ef49e1cb-b3e9-4115-92bc-68f71ca4836c', '2022-04-08', '2022-04-08 07:54:02', '2022-04-08 17:02:03', 'normal', 0),
('ef49e1cb-b3e9-4115-92bc-68f71ca4836c', '2022-04-09', '2022-04-09 07:54:02', '2022-04-09 20:00:03', 'normal', 0),
('ef49e1cb-b3e9-4115-92bc-68f71ca4836c', '2022-04-10', '2022-04-10 07:54:02', '2022-04-10 17:02:03', 'normal', 0),
('ef49e1cb-b3e9-4115-92bc-68f71ca4836c', '2022-04-13', '2022-04-13 07:54:02', '2022-04-13 16:05:03', 'earlyLeave', 0.55),
('ef49e1cb-b3e9-4115-92bc-68f71ca4836c', '2022-04-14', '2022-04-14 08:23:02', '2022-04-14 17:02:03', 'late', 0.23),
('ef49e1cb-b3e9-4115-92bc-68f71ca4836c', '2022-04-15', '2022-04-15 07:54:02', '2022-04-15 17:02:03', 'normal', 0),
('ef49e1cb-b3e9-4115-92bc-68f71ca4836c', '2022-04-16', '2022-04-16 07:54:02', '2022-04-16 17:02:03', 'normal', 0),
('ef49e1cb-b3e9-4115-92bc-68f71ca4836c', '2022-04-17', '2022-04-17 07:54:02', '2022-04-17 17:02:03', 'normal', 0),
('ef49e1cb-b3e9-4115-92bc-68f71ca4836c', '2022-04-20', '2022-04-20 07:54:02', '2022-04-20 17:02:03', 'normal', 0),
('ef49e1cb-b3e9-4115-92bc-68f71ca4836c', '2022-04-21', '2022-04-21 08:14:02', '2022-04-21 17:02:03', 'late', 0.14),
('ef49e1cb-b3e9-4115-92bc-68f71ca4836c', '2022-04-22', '2022-04-22 07:54:02', '2022-04-22 17:02:03', 'normal', 0),
('ef49e1cb-b3e9-4115-92bc-68f71ca4836c', '2022-04-23', '2022-04-23 08:03:02', '2022-04-23 17:02:03', 'late', 0.03),
('ef49e1cb-b3e9-4115-92bc-68f71ca4836c', '2022-04-24', '2022-04-24 07:54:02', '2022-04-24 16:10:03', 'earlyLeave', 0.5);
INSERT INTO `deductiontype` (`deductionID`, `deductionType`, `description`) VALUES
('21baf7b0-1c72-43e0-bfcb-afe607106022', 'overLeave', 'Requesting leave for more than the specified days'),
('431f4ad1-469b-46ef-8067-e59ed470fb15', 'earlyLeave', 'Leave work early'),
('6b5329f9-481c-443a-9e56-4c42e09ac02c', 'late', 'Late for work'),
('d9849800-7ce2-4d41-88f1-ea08d1baba94', 'absent', 'Absence from work');
INSERT INTO `department` (`departmentID`, `departmentName`, `manager`, `phoneNumber`, `email`) VALUES
('AC000', 'accounting and finance', 'suchart sunan', '(66)94812354', 'acdept@gmail.com'),
('HR000', 'human resource', 'parinda kongwattanasinrakna', '(66)812345678', 'hrdept@gmail.com'),
('IT000', 'information technology', 'dodo polkadot', '(66)864253613', 'itdept@gmail.com'),
('MK000', 'marketing', 'kanda kamon', '(66)953124521', 'mkdept@gmail.com'),
('SM000', 'sales management', 'pranee suriya', '(66)831567184', 'smdept@gmail.com');
INSERT INTO `document` (`documentID`, `documentName`) VALUES
('a9734ac4-9899-486c-8b6b-bbc4ae3ad8ec', 'employment certification'),
('dfc3fd6a-f39c-4a16-9858-7e95490ff237', 'leave booking record'),
('fd6a4083-2483-4b43-879a-30a4b02695d7', 'salary certification');
INSERT INTO `documentrequest` (`requestID`, `documentID`, `employeeID`, `purpose`, `requestDate`, `status`) VALUES
('017d8e29-4acd-4fef-8712-78011dc90ee2', 'a9734ac4-9899-486c-8b6b-bbc4ae3ad8ec', '72493602-8194-4ed3-ae6c-bb9efa7fa6c5', 'transfer to another department', '2022-05-16 04:48:06', 'rejected'),
('0d82b583-a068-4c47-b4e2-97d1bcacc8f3', 'dfc3fd6a-f39c-4a16-9858-7e95490ff237', 'f44afcda-b57b-4b08-8e9b-6a53c97ab34c', 'check for available leave remain', '2022-05-16 03:02:23', 'approved'),
('0fecfb35-6d04-44f2-9b0f-3326e5273fbf', 'fd6a4083-2483-4b43-879a-30a4b02695d7', '54dbbb35-c06e-490a-905e-2a333027fc7f', 'submit for loan application to financial institutions', '2022-05-16 03:25:22', 'approved'),
('2cc03602-c7d9-4766-a7af-928acbfd41c4', 'dfc3fd6a-f39c-4a16-9858-7e95490ff237', 'de30c262-2123-4c7c-9684-b6d3de64ba33', 'check for available leave remain', '2022-05-16 04:31:13', 'waiting'),
('381b36f1-bf40-4da2-8283-77584ac51756', 'a9734ac4-9899-486c-8b6b-bbc4ae3ad8ec', '1b9d6bcd-bbfd-4b2d-9b5d-ab8dfbbd4bed', 'apply for the new job', '2022-05-16 04:33:25', 'approved'),
('478d2f5f-2521-46ea-a040-50f4d0088576', 'dfc3fd6a-f39c-4a16-9858-7e95490ff237', 'ec1c2b55-f1e4-4871-93cd-1ded4591edd9', 'check for available leave remain', '2022-05-16 03:02:15', 'approved'),
('4a0d9827-6d69-4441-bd75-a7280ddac9a4', 'fd6a4083-2483-4b43-879a-30a4b02695d7', '73e65e54-fb6e-4818-b6b2-336ce58bcd0b', 'submit for loan application to financial institutions', '2022-05-16 04:31:13', 'waiting'),
('54b6edca-f16d-451e-9b0a-b8a8cd4e40ce', 'fd6a4083-2483-4b43-879a-30a4b02695d7', '11ceb72d-4fdc-407b-91f1-2b53ed3daf85', 'request salary certificate for credit card application process', '2022-05-16 04:31:13', 'waiting'),
('54d96fc2-597d-4d08-8919-991a7544ae3c', 'fd6a4083-2483-4b43-879a-30a4b02695d7', 'cfcb1bcf-3965-41c4-870e-f000f131e2c5', 'request salary certificate for income tax return', '2022-05-16 04:31:12', 'waiting'),
('72410cd2-f431-497c-87cd-3ad64a394864', 'fd6a4083-2483-4b43-879a-30a4b02695d7', '2af7ad12-85d8-4adc-9a3e-59947899693d', 'request salary certificate for Visa application', '2022-05-16 04:31:12', 'waiting'),
('73613bda-04d9-4360-825e-abfc2b3d9680', 'dfc3fd6a-f39c-4a16-9858-7e95490ff237', '74a7765d-8201-4101-80b6-c35588823d09', 'check for available leave remain', '2022-05-16 04:31:12', 'waiting'),
('76814ea3-0ed3-4bdd-9630-48d90cec63d4', 'dfc3fd6a-f39c-4a16-9858-7e95490ff237', '1b9d6bcd-bbfd-4b2d-9b5d-ab8dfbbd4bed', 'check for available leave remain', '2022-05-16 04:32:45', 'approved'),
('82d8a606-cd6a-48d6-b0cb-90cb42c332ab', 'fd6a4083-2483-4b43-879a-30a4b02695d7', '1b9d6bcd-bbfd-4b2d-9b5d-ab8dfbbd4bed', 'submit for loan application to financial institutions', '2022-05-16 04:31:11', 'waiting'),
('85863296-6da8-438a-a8df-0cd0708bcbe0', 'a9734ac4-9899-486c-8b6b-bbc4ae3ad8ec', 'a14a89c4-81d8-45f6-a066-9b7093ba934e', 'transfer to the another department', '2022-05-15 21:12:02', 'approved'),
('8c8783aa-e3d1-4e2c-898c-c7e8eff5736e', 'a9734ac4-9899-486c-8b6b-bbc4ae3ad8ec', '74a7765d-8201-4101-80b6-c35588823d09', 'transfer to the another department', '2022-05-16 03:36:28', 'approved'),
('9244b6b0-c51a-4fc2-a363-1c7d9b2fa5dc', 'fd6a4083-2483-4b43-879a-30a4b02695d7', '9244b6b0-c51a-4fc2-a363-1c7d9b2fa5dc', 'submit for loan application to financial institutions', '2022-05-16 03:35:38', 'approved'),
('95969bfa-d898-47a5-a0f9-dfbee3581fba', 'dfc3fd6a-f39c-4a16-9858-7e95490ff237', 'be6782ba-7b78-4fb9-9e60-06fa20d39eb6', 'check for available leave remain', '2022-05-16 03:35:41', 'approved'),
('9989dcd4-33c4-4c97-8510-c31489318bf5', 'fd6a4083-2483-4b43-879a-30a4b02695d7', 'e6c88551-1877-4ee7-b8bd-91f22af8e86f', 'request salary certificate for Visa application', '2022-05-16 03:30:14', 'rejected'),
('c1d271be-f35d-496b-a4c5-af7c1e9ec566', 'a9734ac4-9899-486c-8b6b-bbc4ae3ad8ec', '1ac39e28-8e18-4a54-b56a-14a53fac104c', 'transfer to another department', '2022-05-16 04:26:54', 'approved'),
('c65cd05c-37fb-4b94-82c6-1f46ae493b96', 'fd6a4083-2483-4b43-879a-30a4b02695d7', '3446591a-17c5-492c-8410-5321635e2a8c', 'request salary certificate for credit card application process', '2022-05-16 04:26:55', 'approved'),
('d7b94880-2fa4-4761-8d00-77929ad53d56', 'dfc3fd6a-f39c-4a16-9858-7e95490ff237', '3a10bdeb-5dbd-47ab-86d1-ccd80c7a003b', 'check for available leave remain', '2022-04-28 08:44:27', 'approved'),
('dd8b049b-405b-45c8-a9dd-1f585f99d6ae', 'dfc3fd6a-f39c-4a16-9858-7e95490ff237', '275acbe3-87c4-48ac-bb95-955b71659f01', 'check for available leave remain', '2022-05-16 03:27:29', 'approved'),
('eb834959-ba26-4d50-8658-9ea0c7ceb3d8', 'a9734ac4-9899-486c-8b6b-bbc4ae3ad8ec', '8b340ac6-59c4-4ac3-8e13-f45f1d97c5da', 'apply the new job', '2022-05-16 04:26:02', 'approved'),
('ef178096-a7be-4667-9d7d-9aa9a5c5ab18', 'fd6a4083-2483-4b43-879a-30a4b02695d7', 'b0310411-83b3-4b35-8912-e19634633a5a', 'request salary certificate for credit card application process', '2022-05-16 04:26:58', 'approved'),
('f7b93994-934e-4553-9624-927fa9a39897', 'a9734ac4-9899-486c-8b6b-bbc4ae3ad8ec', 'b0310411-83b3-4b35-8912-e19634633a5a', 'transfer to the another department', '2022-05-16 04:27:00', 'approved');
INSERT INTO `education` (`employeeID`, `universityName`, `major`, `graduatedYear`, `GPAX`) VALUES
('11ceb72d-4fdc-407b-91f1-2b53ed3daf85', 'Silpakorn University', 'Accounting', '2020', 3.78),
('1ac39e28-8e18-4a54-b56a-14a53fac104c', 'Chiang Mai University', 'Chinese', '2019', 4),
('1b08fc14-d18c-4738-ba76-287285ab79d2', 'Chulalongkorn University	', 'Mathematics', '2015', 3.98),
('1b9d6bcd-bbfd-4b2d-9b5d-ab8dfbbd4bed', 'Chulalongkorn University	', 'Computer engineeringcomputer engineering\r\n', '2015', 3.05),
('2097752a-c861-4106-a2f0-83cf91797291', 'Kasetsart University', 'Mathematics', '2020', 3.75),
('275acbe3-87c4-48ac-bb95-955b71659f01', 'Mahidol University', 'Physics', '2018', 4),
('2af7ad12-85d8-4adc-9a3e-59947899693d', 'Thammasat University', 'Mathematics', '2018', 3.69),
('3446591a-17c5-492c-8410-5321635e2a8c', 'Thammasat University', 'Accounting', '2019', 3.57),
('38636db6-906e-40df-a61e-15f72d33ae96', 'King Mongkut''s University of Technology Thonburi', 'Accounting', '2017', 3.97),
('3a10bdeb-5dbd-47ab-86d1-ccd80c7a003b', 'Kasetsart University', 'Accounting', '2016', 3.12),
('54dbbb35-c06e-490a-905e-2a333027fc7f', 'Kasetsart University', 'Computer engineeringcomputer engineering\r\n', '2018', 3.89),
('58e7bb7b-b8ae-44df-b276-0541a4a5415f', 'Thaksin University', 'Business', '2020', 3.53),
('72493602-8194-4ed3-ae6c-bb9efa7fa6c5', 'King Mongkut''s University of Technology Thonburi', 'Mathematics', '2015', 3.01),
('73e65e54-fb6e-4818-b6b2-336ce58bcd0b', 'Mahidol University', 'Mathematics', '2017', 3.39),
('74a7765d-8201-4101-80b6-c35588823d09', 'Silpakorn University', 'Accounting', '2019', 4),
('8b340ac6-59c4-4ac3-8e13-f45f1d97c5da', 'Chulalongkorn University	', 'Business', '2015', 3.23),
('9244b6b0-c51a-4fc2-a363-1c7d9b2fa5dc', 'King Mongkut''s University of Technology Thonburi', 'Physics', '2019', 3.55),
('92edfed8-162e-410c-b8e3-3d6e84906c36', 'Thammasat University', 'Business', '2017', 3.42),
('a14a89c4-81d8-45f6-a066-9b7093ba934e', 'King Mongkut''s University of Technology Thonburi', 'Business', '2020', 3.89),
('b0310411-83b3-4b35-8912-e19634633a5a', 'Mahidol University', 'Physics', '2019', 3.88),
('b4ae6215-d26e-4fca-a6bb-2504018f605e', 'Walailak University', 'Physics', '2019', 3.68),
('be6782ba-7b78-4fb9-9e60-06fa20d39eb6', 'Mahidol University', 'Mathematics', '2018', 3.24),
('cfcb1bcf-3965-41c4-870e-f000f131e2c5', 'Walailak University', 'Physics', '2021', 1.75),
('de30c262-2123-4c7c-9684-b6d3de64ba33', 'King Mongkut''s University of Technology Thonburi', 'Computer engineeringcomputer engineering\r\n', '2017', 3.14),
('e6c88551-1877-4ee7-b8bd-91f22af8e86f', 'Thaksin University', 'Computer engineering', '2020', 3.69),
('ec1c2b55-f1e4-4871-93cd-1ded4591edd9', 'Thammasat University', 'Business', '2020', 3.34),
('ef49e1cb-b3e9-4115-92bc-68f71ca4836c', 'Silpakorn University', 'Mathematics', '2020', 3.04),
('f44afcda-b57b-4b08-8e9b-6a53c97ab34c', 'Thaksin University', 'Physics', '2015', 4);
INSERT INTO `information` (`employeeID`, `roleID`, `identificationNo`, `firstName`, `lastName`, `DOB`, `sex`, `phoneNumber`, `email`, `address`, `photo`, `sickRemain`, `personalRemain`, `vacationRemain`, `maternityRemain`, `passwordHash`, `bankName`, `bankAccount`) VALUES
('11ceb72d-4fdc-407b-91f1-2b53ed3daf85', '4b921f05-f7a4-4ed5-b791-2be219bc23de', '7813547287378', 'Duke', 'Carl', '2009-12-30', 'M', '(66)721845792', 'duke@gmail.com', '10   ', NULL, 30, 12, 5, 0, '$2a$04$a0B5In7yKmCXjc8QN5mXWebreC9F9DnllWMqCnP6sRAqZkrQ1JREO', 'SCB', '3542357856'),
('1ac39e28-8e18-4a54-b56a-14a53fac104c', '4b921f05-f7a4-4ed5-b791-2be219bc23de', '1021302567920', 'dino', 'sukloey', '2002-02-10', 'F', '(66)8542110222', 'dinesuk@gmail.com', '2/101  9 . . . 47000', NULL, 30, 15, 3, 2, '320FA2C7836B5146FBF7E26935C2178D', 'SCB', '1634390450'),
('1b08fc14-d18c-4738-ba76-287285ab79d2', '9d57480b-8a19-4218-a839-673169b31855', '3891829345161', 'suchart', 'sunan', '2022-02-28', 'M', '(66)982675839', 'suchart@gmail.com', '18   ', NULL, 40, 35, 10, 0, '$2a$04$8bKqtIatvzQHeY3qFT4CueGYbSqBOEHI4qocZw26vypI2NYSLqKDu', 'krungthai', '2617184900'),
('1b9d6bcd-bbfd-4b2d-9b5d-ab8dfbbd4bed', '79c4b680-de34-4923-aee3-21152bdc5561', '9243366912903', 'parinda', 'kongwattanasin', '2002-05-08', 'F', '(66)915380385', 'parinda@gmail.com', '2000/131 . 47 . . . 10280', 'drive.com/dpsl', 54, 37, 10, 90, '$2y$10$rIWqKofEiPlR81A1bEeWJ45BPQuSl04kunFB8G10soTMlZSHOqlRu', 'Bangkok', '4875194901'),
('2097752a-c861-4106-a2f0-83cf91797291', '4b921f05-f7a4-4ed5-b791-2be219bc23de', '1100402203685', 'som', 'somsiriwan', '2001-02-20', 'M', '(66)876854321', 'Somw221@gmail.com', '5/41  6 . . . 74120', NULL, 20, -2, 3, 0, '76F8CA9AB3598DC30CEC9166211865DE', 'krungthai', '1738981471'),
('275acbe3-87c4-48ac-bb95-955b71659f01', '4b921f05-f7a4-4ed5-b791-2be219bc23de', '1682193404892', 'Lorna', 'Rosanne', '2010-08-22', 'F', '(66)367889182', 'Lorna@gmail.com', '29   1  ', NULL, 60, 10, 0, 90, '$2a$04$0bFfhSVghbq6r06joMZFMepgk9qa.i9qqwVKPParIdvGnem4qSJhe', 'Bangkok', '3647378582'),
('2af7ad12-85d8-4adc-9a3e-59947899693d', '4b921f05-f7a4-4ed5-b791-2be219bc23de', '1749353580459', 'Jack', 'Zachery', '2012-11-02', 'M', '(66)183618291', 'jack@gmail.com', '7   ', NULL, 32, 44, 7, 0, '$2a$04$dB5fKFnHg702af13SCUSj.xvVrZorvea1hpT60jnVMBGy8MvbjYta', 'SCB', '1647835875'),
('3446591a-17c5-492c-8410-5321635e2a8c', '4b921f05-f7a4-4ed5-b791-2be219bc23de', '5786935769359', 'Catherine', 'Candyce', '2012-09-11', 'F', '(66)748295972', 'Catherine@gmail.com', '18   ', NULL, 28, 45, 8, 90, '$2a$04$0ZUGsXyW0dhXjIy7mpDUPuNSwJmVJGbEtas8jfxyUQeX3X7Pmi5da', 'Bangkok', '1632647837'),
('38636db6-906e-40df-a61e-15f72d33ae96', '4b921f05-f7a4-4ed5-b791-2be219bc23de', '1293045324351', 'kanda', 'somchai', '2022-03-27', 'F', '(66)112351893', 'kanda@gmail.com', '5   ', NULL, 20, 40, 10, 3, '$2a$04$UABl9Oz32Civ2u96u1U4k.WOmcwB.cER53ia7frcrrrK1.IjfUSni', 'SCB', '3718338913'),
('3a10bdeb-5dbd-47ab-86d1-ccd80c7a003b', '4b921f05-f7a4-4ed5-b791-2be219bc23de', '1029001892018', 'somboon', 'sukhon', '2022-01-19', 'M', '(66)015268492', 'somboon@gmail.com', '6  5  ', NULL, 15, 20, 10, 0, '$2a$04$nwPm7vvZKwpiRMzlqHmK0epuzb83oy.EfxmKSw4ARMUR0PInO0jYa', 'krungthai', '1637884744'),
('54dbbb35-c06e-490a-905e-2a333027fc7f', '4b921f05-f7a4-4ed5-b791-2be219bc23de', '1237435829884', 'Lowell', 'Nikole', '2009-12-21', 'F', '(66)162873882', 'Lowell@gmail.com', '4   ', NULL, 55, 20, 1, 90, '$2a$04$Qd3a82JGAyH.oUok0CPGp.vOa6jGxarFfTj77XStt9lR5RrxYAyGa', 'SCB', '9785854622'),
('58e7bb7b-b8ae-44df-b276-0541a4a5415f', '4b921f05-f7a4-4ed5-b791-2be219bc23de', '6423348045083', 'piyachart', 'chaileamlak', '2002-04-09', 'M', '(66)982630145', 'piyachart.petch@gmail.com', '2529/104  3     10120', ' drive.com/efpod', 43, 25, 8, 0, '$2y$10$7WqJXViaq19hVlgss4Jj7.PPO781x797TWpynr8csMnfFbWvhAEg6', 'SCB', '1326781478'),
('72493602-8194-4ed3-ae6c-bb9efa7fa6c5', '4b921f05-f7a4-4ed5-b791-2be219bc23de', '2546737537828', 'Marybeth', 'Prosper', '2010-04-11', 'F', '(66)623167289', 'Marybeth@gmail.com', '17   ', NULL, 20, 8, 10, 90, '$2a$04$YgCxR0e/PPSkri4u/NyvWeA9LLS9eiGQS4T6D/eOvMOWNseb7W2j.', 'SCB', '4355262748'),
('73e65e54-fb6e-4818-b6b2-336ce58bcd0b', '4b921f05-f7a4-4ed5-b791-2be219bc23de', '4467289499288', 'Trey', 'Robbie', '2011-06-03', 'M', '(66)172738891', 'trey@gmail.com', '5   ', NULL, 50, 33, 9, 0, '$2a$04$.FCosAOje5HRh0jN00//5uKoibJ9xc7TJxWhvRTUH/Cv7kccSBMpG', 'krungthai', '6789486994'),
('74a7765d-8201-4101-80b6-c35588823d09', '4b921f05-f7a4-4ed5-b791-2be219bc23de', '1926457182315', 'intira', 'klahan', '2022-02-11', 'F', '(66)190026378', 'intira@gmail.com', '14  3  ', NULL, 30, 40, 10, 90, '$2a$04$xAtTw0L.79qwLFEnWT4jre9MYVienk5r989BZ8XZvAGF3WUzdaLdi', 'Bangkok', '1636345674'),
('8b340ac6-59c4-4ac3-8e13-f45f1d97c5da', '4b921f05-f7a4-4ed5-b791-2be219bc23de', '7375583878893', 'Cole', 'Lela', '2007-05-01', 'F', '(66)734673478', 'Cole@gmail.com', '23   ', NULL, 30, 11, 5, 90, '$2a$04$J/1kBez43ZTtaQOxLv8qDu55EmgU9FM4Ou6RRAtfCa2DQYk7cQCge', 'Bangkok', '3562478399'),
('9244b6b0-c51a-4fc2-a363-1c7d9b2fa5dc', '9d57480b-8a19-4218-a839-673169b31855', '1900541210836', 'dodo', 'polkadot', '2021-05-20', 'M', '(66)892012487', 'dodo@gmail.com', '6/51  8 . . . 74000', NULL, 45, 30, 3, 0, 'C8E495967E67B23AC548EE392590AD7B', 'krungthai', '1678747348'),
('92edfed8-162e-410c-b8e3-3d6e84906c36', '9d57480b-8a19-4218-a839-673169b31855', '1728143152314', 'kanda', 'kamon', '2022-03-16', 'F', '(66)112684956', 'kanda@gmail.com', '17   ', NULL, 5, 20, 10, 4, '$2a$04$ADutBtERXR83SN2MNOJTBuaz3fBgTJdePznj66eZ.MADuM0s3QA2y', 'SCB', '1477849388'),
('93e40a60-7c41-4589-88bf-acc50edf8e48', '4b921f05-f7a4-4ed5-b791-2be219bc23de', '4283949826737', 'Intira', 'Kanya', '2012-04-21', 'M', '(66)183544671', 'intira@gmail.com', '12   ', NULL, 10, 30, 10, 0, '$2a$04$5SLXa6uqgl/MQPufLxa2WudlBbe5SMEsKZQ/q7TD54QEtKEfhz76y', 'SCB', '2456234234'),
('a14a89c4-81d8-45f6-a066-9b7093ba934e', '4b921f05-f7a4-4ed5-b791-2be219bc23de', '5126384945611', 'lawan', 'mali', '2022-03-11', 'F', '(66)714526312', 'lawan@gmail.com', '3   ', NULL, 50, 10, 10, 5, '$2a$04$U0SG/vqinnCqch/A7bUItuoy3qmBnqXRD1CUi5QdvaMxMD1WqpBc6', 'Bangkok', '2344344236'),
('b0310411-83b3-4b35-8912-e19634633a5a', '4b921f05-f7a4-4ed5-b791-2be219bc23de', '6472819456739', 'ubon', 'siriporn', '2022-01-22', 'M', '(66)367244157', 'ubon@gmail.com', '26   ', NULL, 60, 30, 0, 0, '$2a$04$cNihHG05qi6NviQsT3gTDewhsH2ClMy4V.y0WADXr/e5OieWDW4.O', 'krungthai', '7545453232'),
('b4ae6215-d26e-4fca-a6bb-2504018f605e', '4b921f05-f7a4-4ed5-b791-2be219bc23de', '8156283617455', 'thaksin', 'pranee', '2022-04-22', 'M', '(66)718293456', 'thaksin@gmail.com', '1  2  ', NULL, 50, 30, 1, 0, '$2a$04$zwqYpkydt1Hio13If2nEtevj6slK.Qy54EM5Sb0vL24MIKulVpKl6', 'krungsri', '1232124354'),
('be6782ba-7b78-4fb9-9e60-06fa20d39eb6', '4b921f05-f7a4-4ed5-b791-2be219bc23de', '6473867391021', 'sunan', 'preecha', '2022-02-08', 'M', '(66)123481722', 'sunan@gmail.com', '5   ', NULL, 20, 45, 3, 0, '$2a$04$umrSGbjuZuTsji6L6wS37uBSHhTV4BmRJt7BQE.aQjGxWpJQIyCFW', 'SCB', '3474573578'),
('c9a14ba8-79d4-4709-bb83-d31c8325d97c', '4b921f05-f7a4-4ed5-b791-2be219bc23de', '1324451627819', 'Somsak', 'Kulap', '2011-04-19', 'M', '(66)118243671', 'somsak@gmail.com', '23   ', NULL, 35, 22, 5, 0, '$2a$04$snyoEQcKUMzom/1k89lPX.QkTjv7g0aR2UIKsxZsU9MRu5uILDogy', 'krungthai', '4573584765'),
('cfcb1bcf-3965-41c4-870e-f000f131e2c5', '4b921f05-f7a4-4ed5-b791-2be219bc23de', '1200541290830', 'omo', 'white', '2021-05-16', 'M', '(66)876814223', 'omo@gmail.com', '6/51  8 . . . 74000', NULL, 30, 45, 3, 0, 'EB4005933A4BBE70786A02C30504022A', 'krungsri', '4579099964'),
('de30c262-2123-4c7c-9684-b6d3de64ba33', '4b921f05-f7a4-4ed5-b791-2be219bc23de', '2473754589398', 'Teddy', 'Dotty', '2009-10-25', 'M', '(66)153627746', 'teddy@gmail.com', '28   ', NULL, 10, 15, 9, 0, '$2a$04$G9vrX18/mSylyXymwp.QdOhbMgBHe59fxutGp.dGkRiXMbfSKUWIe', 'SCB', '3553278991'),
('e6c88551-1877-4ee7-b8bd-91f22af8e86f', '4b921f05-f7a4-4ed5-b791-2be219bc23de', '5467859201836', 'kanchana', 'sasithorn', '2022-04-30', 'F', '(66)188293671', 'kanchana@gmail.com', '8  1  ', NULL, -3, 30, 10, 5, '$2a$04$GLtGh.f7PfKksGQ0AHdMH.sdjZ.XfxNaPRozWpWTCm7TLFO81z4Me', 'SCB', '4223456783'),
('eb201c0f-62b8-4907-b95b-c028d9b79c70', '4b921f05-f7a4-4ed5-b791-2be219bc23de', '1526839456172', 'Amporn', 'Suriya', '2018-03-02', 'F', '(66)193756738', 'amporn@gmail.com', '16   ', NULL, 40, 15, 4, 90, '$2a$04$bRC4qxS1ffYTl2nx.LGEtO0KRrLCKeb1dL36iMABTlRf9bLGgFajC', 'Kasikorn', '2039482736'),
('ec1c2b55-f1e4-4871-93cd-1ded4591edd9', '4b921f05-f7a4-4ed5-b791-2be219bc23de', '1572945719234', 'porntip', 'anong', '2022-04-13', 'M', '(66)815541477', 'porntip@gmail.com', '24   ', NULL, 45, 30, 10, 0, '$2a$04$mItTToMOgcQy/INxGXqAKukOHIlkTQvcd4PKiarsoiyPMYwJYbboC', 'Bangkok', '3928471638'),
('ef49e1cb-b3e9-4115-92bc-68f71ca4836c', '9d57480b-8a19-4218-a839-673169b31855', '2937143325909', 'pranee', 'suriya', '2022-04-02', 'F', '(66)956378298', 'pranee@gmail.com', '1   ', NULL, 20, -3, 2, 90, '$2a$04$2DLSDPByWf5rZ6m1.c.B6OTy0uYchLk15mmIKCWNg4fkHwcvVrDBG', 'SCB', '3457842456'),
('f44afcda-b57b-4b08-8e9b-6a53c97ab34c', '4b921f05-f7a4-4ed5-b791-2be219bc23de', '1738140584390', 'Maddie', 'Cheri', '2010-02-07', 'F', '(66)628474618', 'jack@gmail.com', '5   ', NULL, 30, 13, 2, 90, '$2a$04$JakMZEm7ZTx1Qg2SNiLFturkujbegkoMAUyn4mLmdAFWqK1krl/j6', 'krungthai', '1737484394'),
('f464d3d6-2864-49db-a104-2698ee67e2cf', '4b921f05-f7a4-4ed5-b791-2be219bc23de', '4456278199390', 'Wattana', 'Sakchai', '2011-04-07', 'M', '(66)819243561', 'wattana@gmail.com', '8   3  ', NULL, 16, 3, 5, 0, '$2a$04$8A5giW2g82yexF6E0G9Xvu4BKO//bCBzlbKBFGn0My3ZQCIivu3Ii', 'krungsri', '1023310342');
INSERT INTO `leaveapplication` (`bookingID`, `employeeID`, `leaveID`, `bookingDate`, `reason`, `document`, `startDate`, `endDate`, `status`) VALUES
('2ed43c1b-ad41-4e16-ae86-45c4f7c04139', '1b9d6bcd-bbfd-4b2d-9b5d-ab8dfbbd4bed', 'c507aff5-8b10-4342-a796-888b06ca12c0', '2022-05-16 11:52:43', 'sick', '', '2022-05-17 00:00:00', '2022-05-18 00:00:00', 'waiting'),
('32bf87e8-73d3-4355-9954-e3e9ddf7442a', '1b9d6bcd-bbfd-4b2d-9b5d-ab8dfbbd4bed', 'bcf8bb8e-1f94-48df-8616-bfaed07ce088', '2022-05-16 11:53:05', 'go to school', '', '2022-05-16 00:00:00', '2022-05-20 00:00:00', 'waiting'),
('39e2fe41-d1f1-402f-b9ff-f314d857d5da', '2097752a-c861-4106-a2f0-83cf91797291', 'dbf95d5a-f3cf-4c12-8d26-79ad999114dc', '2022-04-03 03:22:40', 'going out of town', '-', '2022-04-09 00:00:00', '2022-04-10 00:00:00', 'waiting'),
('3a873ae5-5db0-4cd0-ad48-16ab7c203965', '1b9d6bcd-bbfd-4b2d-9b5d-ab8dfbbd4bed', 'c507aff5-8b10-4342-a796-888b06ca12c0', '2022-05-16 11:54:04', 'hospital', '', '2022-05-10 00:00:00', '2022-05-18 00:00:00', 'waiting'),
('4764ddaf-9674-46bc-b2f8-c792c0d328ae', '1ac39e28-8e18-4a54-b56a-14a53fac104c', 'bcf8bb8e-1f94-48df-8616-bfaed07ce088', '2022-03-21 03:22:40', 'car broke down', '-', '2022-03-22 00:00:00', '2022-03-23 00:00:00', 'waiting'),
('545d75a7-1240-4620-a37e-e1264e69bc5d', '1b9d6bcd-bbfd-4b2d-9b5d-ab8dfbbd4bed', 'bcf8bb8e-1f94-48df-8616-bfaed07ce088', '2022-05-16 11:54:04', 'go to school', '', '2022-05-16 00:00:00', '2022-05-20 00:00:00', 'waiting'),
('65a9102e-8859-4f3b-ab32-ef1654dfaee9', '1b9d6bcd-bbfd-4b2d-9b5d-ab8dfbbd4bed', 'bcf8bb8e-1f94-48df-8616-bfaed07ce088', '2022-05-16 11:54:04', 'go to school', '', '2022-05-16 00:00:00', '2022-05-20 00:00:00', 'waiting'),
('83d08f56-c367-4713-bda4-d8ada4285d23', 'e6c88551-1877-4ee7-b8bd-91f22af8e86f', 'c507aff5-8b10-4342-a796-888b06ca12c0', '2022-03-20 03:22:40', 'go to hospital', '-', '2022-03-26 00:00:00', '2022-03-27 00:00:00', 'approved'),
('96365b3e-1573-457d-9aca-9f7d1aea9a9a', '1b9d6bcd-bbfd-4b2d-9b5d-ab8dfbbd4bed', 'c507aff5-8b10-4342-a796-888b06ca12c0', '2022-05-16 11:54:05', 'hospital', '', '2022-05-10 00:00:00', '2022-05-18 00:00:00', 'waiting'),
('9e933553-8e17-469b-a10c-3f98dc3e85fc', '9244b6b0-c51a-4fc2-a363-1c7d9b2fa5dc', 'dbf95d5a-f3cf-4c12-8d26-79ad999114dc', '2022-03-02 03:22:40', 'visit relatives', '-', '2022-03-03 00:00:00', '2022-03-04 00:00:00', 'waiting'),
('c02026fa-c842-49bd-94cb-82310634437d', '1b9d6bcd-bbfd-4b2d-9b5d-ab8dfbbd4bed', 'dbf95d5a-f3cf-4c12-8d26-79ad999114dc', '2022-05-10 09:41:45', 'going on vacation', '-', '2022-04-08 00:00:00', '2022-04-09 00:00:00', 'rejected'),
('c2f9f3e5-285c-469c-9c58-4bf6840a5f1c', '1b9d6bcd-bbfd-4b2d-9b5d-ab8dfbbd4bed', 'bcf8bb8e-1f94-48df-8616-bfaed07ce088', '2022-05-16 11:51:50', 'Business', '', '2022-05-16 00:00:00', '2022-05-19 00:00:00', 'waiting'),
('d9f58951-4606-424d-b945-d727a46768b0', '1ac39e28-8e18-4a54-b56a-14a53fac104c', 'bcf8bb8e-1f94-48df-8616-bfaed07ce088', '2022-03-10 11:57:31', 'The main streets are flooded', '-', '2022-03-11 18:57:31', '2022-03-13 18:57:31', 'waiting'),
('dc645579-abf7-4e06-a3b7-87e6825e6855', '1b08fc14-d18c-4738-ba76-287285ab79d2', 'bcf8bb8e-1f94-48df-8616-bfaed07ce088', '2022-04-20 03:22:40', 'appointment with technician', '-', '2022-04-22 00:00:00', '2022-04-23 00:00:00', 'approved'),
('f28761aa-0d9e-4332-a066-41c3f9a208d6', '1b9d6bcd-bbfd-4b2d-9b5d-ab8dfbbd4bed', 'bcf8bb8e-1f94-48df-8616-bfaed07ce088', '2022-05-16 07:29:01', 'sick', '', '2022-05-17 00:00:00', '2022-05-20 00:00:00', 'waiting'),
('f50b27fd-e725-4502-9a82-3ff23d247144', '58e7bb7b-b8ae-44df-b276-0541a4a5415f', 'c507aff5-8b10-4342-a796-888b06ca12c0', '2022-03-13 03:22:40', 'go to hospital', '-', '2022-03-18 00:00:00', '2022-03-19 00:00:00', 'approved');
INSERT INTO `leavebooking` (`bookingID`, `confirmation`, `managerNote`) VALUES
('2ed43c1b-ad41-4e16-ae86-45c4f7c04139', 'waiting', NULL),
('32bf87e8-73d3-4355-9954-e3e9ddf7442a', 'waiting', NULL),
('3a873ae5-5db0-4cd0-ad48-16ab7c203965', 'waiting', NULL),
('545d75a7-1240-4620-a37e-e1264e69bc5d', 'waiting', NULL),
('65a9102e-8859-4f3b-ab32-ef1654dfaee9', 'waiting', NULL),
('83d08f56-c367-4713-bda4-d8ada4285d23', 'waiting', NULL),
('96365b3e-1573-457d-9aca-9f7d1aea9a9a', 'waiting', NULL),
('c02026fa-c842-49bd-94cb-82310634437d', 'rejected', 'Need to be more reasonable'),
('c2f9f3e5-285c-469c-9c58-4bf6840a5f1c', 'waiting', NULL),
('dc645579-abf7-4e06-a3b7-87e6825e6855', 'approved', NULL),
('f28761aa-0d9e-4332-a066-41c3f9a208d6', 'waiting', NULL),
('f50b27fd-e725-4502-9a82-3ff23d247144', 'approved', NULL);
INSERT INTO `leavetype` (`leaveID`, `leaveName`, `dayAvailable`) VALUES
('bcf8bb8e-1f94-48df-8616-bfaed07ce088', 'personal leave', 45),
('c507aff5-8b10-4342-a796-888b06ca12c0', 'sick leave', 60),
('dbf95d5a-f3cf-4c12-8d26-79ad999114dc', 'vacation leave', 10),
('fe2ca9a7-8b1f-48ef-8f7c-1ba69897a1b6', 'maternity leave', 90);
INSERT INTO `monthlypayslip` (`employeeID`, `month`, `transferor`) VALUES
('11ceb72d-4fdc-407b-91f1-2b53ed3daf85', '2022-03-25', 'Jessa'),
('11ceb72d-4fdc-407b-91f1-2b53ed3daf85', '2022-04-25', 'Jessa'),
('1ac39e28-8e18-4a54-b56a-14a53fac104c', '2022-03-25', 'Samuel'),
('1ac39e28-8e18-4a54-b56a-14a53fac104c', '2022-04-25', 'Samuel'),
('1b08fc14-d18c-4738-ba76-287285ab79d2', '2022-03-25', 'Danny'),
('1b08fc14-d18c-4738-ba76-287285ab79d2', '2022-04-25', 'Danny'),
('1b9d6bcd-bbfd-4b2d-9b5d-ab8dfbbd4bed', '2022-03-25', 'Danny'),
('1b9d6bcd-bbfd-4b2d-9b5d-ab8dfbbd4bed', '2022-04-25', 'Danny'),
('2097752a-c861-4106-a2f0-83cf91797291', '2022-03-25', 'Danny'),
('2097752a-c861-4106-a2f0-83cf91797291', '2022-04-25', 'Danny'),
('275acbe3-87c4-48ac-bb95-955b71659f01', '2022-03-25', 'Paulette'),
('275acbe3-87c4-48ac-bb95-955b71659f01', '2022-04-25', 'Paulette'),
('2af7ad12-85d8-4adc-9a3e-59947899693d', '2022-03-25', 'Jessa'),
('2af7ad12-85d8-4adc-9a3e-59947899693d', '2022-04-25', 'Jessa'),
('3446591a-17c5-492c-8410-5321635e2a8c', '2022-03-25', 'Audie'),
('3446591a-17c5-492c-8410-5321635e2a8c', '2022-04-25', 'Audie'),
('38636db6-906e-40df-a61e-15f72d33ae96', '2022-03-25', 'Patrick'),
('38636db6-906e-40df-a61e-15f72d33ae96', '2022-04-25', 'Patrick'),
('3a10bdeb-5dbd-47ab-86d1-ccd80c7a003b', '2022-03-25', 'Patrick'),
('3a10bdeb-5dbd-47ab-86d1-ccd80c7a003b', '2022-04-25', 'Patrick'),
('54dbbb35-c06e-490a-905e-2a333027fc7f', '2022-03-25', 'Audie'),
('54dbbb35-c06e-490a-905e-2a333027fc7f', '2022-04-25', 'Audie'),
('58e7bb7b-b8ae-44df-b276-0541a4a5415f', '2022-03-25', 'Patrick'),
('58e7bb7b-b8ae-44df-b276-0541a4a5415f', '2022-04-25', 'Patrick'),
('72493602-8194-4ed3-ae6c-bb9efa7fa6c5', '2022-03-25', 'Leon'),
('72493602-8194-4ed3-ae6c-bb9efa7fa6c5', '2022-04-25', 'Leon'),
('73e65e54-fb6e-4818-b6b2-336ce58bcd0b', '2022-03-25', 'Jessa'),
('73e65e54-fb6e-4818-b6b2-336ce58bcd0b', '2022-04-25', 'Jessa'),
('74a7765d-8201-4101-80b6-c35588823d09', '2022-03-25', 'Damon'),
('74a7765d-8201-4101-80b6-c35588823d09', '2022-04-25', 'Damon'),
('8b340ac6-59c4-4ac3-8e13-f45f1d97c5da', '2022-03-25', 'Paulette'),
('8b340ac6-59c4-4ac3-8e13-f45f1d97c5da', '2022-04-25', 'Paulette'),
('9244b6b0-c51a-4fc2-a363-1c7d9b2fa5dc', '2022-03-25', 'Damon'),
('9244b6b0-c51a-4fc2-a363-1c7d9b2fa5dc', '2022-04-25', 'Damon'),
('92edfed8-162e-410c-b8e3-3d6e84906c36', '2022-03-25', 'Damon'),
('92edfed8-162e-410c-b8e3-3d6e84906c36', '2022-04-25', 'Damon'),
('a14a89c4-81d8-45f6-a066-9b7093ba934e', '2022-03-25', 'Elbert'),
('a14a89c4-81d8-45f6-a066-9b7093ba934e', '2022-04-25', 'Hadden'),
('b0310411-83b3-4b35-8912-e19634633a5a', '2022-03-25', 'Hadden'),
('b0310411-83b3-4b35-8912-e19634633a5a', '2022-04-25', 'Hadden'),
('b4ae6215-d26e-4fca-a6bb-2504018f605e', '2022-03-25', 'Hadden'),
('b4ae6215-d26e-4fca-a6bb-2504018f605e', '2022-04-25', 'Miles'),
('be6782ba-7b78-4fb9-9e60-06fa20d39eb6', '2022-03-25', 'Miles'),
('be6782ba-7b78-4fb9-9e60-06fa20d39eb6', '2022-04-25', 'Miles'),
('cfcb1bcf-3965-41c4-870e-f000f131e2c5', '2022-03-25', 'Miles'),
('cfcb1bcf-3965-41c4-870e-f000f131e2c5', '2022-04-25', 'Miles'),
('de30c262-2123-4c7c-9684-b6d3de64ba33', '2022-03-25', 'Leon'),
('de30c262-2123-4c7c-9684-b6d3de64ba33', '2022-04-25', 'Leon'),
('e6c88551-1877-4ee7-b8bd-91f22af8e86f', '2022-03-25', 'Miles'),
('e6c88551-1877-4ee7-b8bd-91f22af8e86f', '2022-04-25', 'Elbert'),
('ec1c2b55-f1e4-4871-93cd-1ded4591edd9', '2022-03-25', 'Elbert'),
('ec1c2b55-f1e4-4871-93cd-1ded4591edd9', '2022-04-25', 'Elbert'),
('ef49e1cb-b3e9-4115-92bc-68f71ca4836c', '2022-03-25', 'Elbert'),
('ef49e1cb-b3e9-4115-92bc-68f71ca4836c', '2022-04-25', 'Elbert'),
('f44afcda-b57b-4b08-8e9b-6a53c97ab34c', '2022-03-25', 'Audie'),
('f44afcda-b57b-4b08-8e9b-6a53c97ab34c', '2022-04-25', 'Audie');
INSERT INTO `notification` (`notificationID`, `senderID`, `status`, `date`, `content`, `title`) VALUES
('1cc1e39a-c761-4c7c-857e-26d4b5e67512', '92edfed8-162e-410c-b8e3-3d6e84906c36', 'approved', '2022-03-12', 'What if dogs were racist? Would they care about fur color.. son, only play with other tan dogs? Or maybe it would depend on breed, honey, only play with other German Shepards, never poodles.', 'Detail for upcoming events'),
('1ef936c1-a034-4778-bb47-f3b95c439071', '9244b6b0-c51a-4fc2-a363-1c7d9b2fa5dc', 'approved', '2022-04-19', 'Matt told her to reach for the stars, but Veronica thought it was the most ridiculous advice she''d ever received.', 'Free masks and hand sanitizer'),
('274571f7-7844-40cc-b0a1-1e7e56b1aaff', '1b9d6bcd-bbfd-4b2d-9b5d-ab8dfbbd4bed', 'rejected', '2022-04-15', 'Don''t forget that gifts often come with costs that go beyond their purchase price. When you purchase a child the latest smartphone, you''re also committing to a monthly phone bill.', 'Video submition contest'),
('2816e5ad-4dc4-4036-80be-95595e1fac58', '92edfed8-162e-410c-b8e3-3d6e84906c36', 'approved', '2022-01-22', 'I checked in for the night at Out O The Way motel. What a bad choice that was. First I took a shower and a spider crawled out of the drain. Next, the towel rack fell down when I reached for the one small bath towel.', 'Ideas submition contest'),
('29e9c7e1-20c5-4ed8-99c1-e6f50ddf956b', '9244b6b0-c51a-4fc2-a363-1c7d9b2fa5dc', 'approved', '2022-01-15', 'Balloons are pretty and come in different colors, different shapes, different sizes, and they can even adjust sizes as needed. But don''t make them too big or they might just pop, and then bye-bye balloon. It''ll be gone and lost for the rest of mankind.', 'Schedule for the next month'),
('2ad6dba9-a932-412f-9d52-6bc8ca6ab863', '1b9d6bcd-bbfd-4b2d-9b5d-ab8dfbbd4bed', 'approved', '2022-02-26', 'Betty decided to write a short story and she was sure it was going to be amazing. She had already written it in her head and each time she thought about it she grinned from ear to ear knowing how wonderful it would be.', 'Announcement for all employees'),
('39851f33-17eb-4852-963d-5bd205fbc719', '1b9d6bcd-bbfd-4b2d-9b5d-ab8dfbbd4bed', 'waiting', '2022-04-08', 'It was their first date and she had been looking forward to it the entire week. She had her eyes on him for months, and it had taken a convoluted scheme with several friends to make it happen, but he''d finally taken the hint and asked her out.', 'Spot available for the new position'),
('3c044934-2189-4f84-baa0-d0880249905c', '1b08fc14-d18c-4738-ba76-287285ab79d2', 'waiting', '2022-04-08', 'The headache wouldn''t go away. She''s taken medicine but even that didn''t help. The monstrous throbbing in her head continued. She had this happen to her only once before in her life and she realized that only one thing could be happening.', 'Date for remodeling our department'),
('4456b98a-74ed-4fdd-af64-06e1c4f06b25', 'ef49e1cb-b3e9-4115-92bc-68f71ca4836c', 'approved', '2022-03-19', 'My pincher collar is snapped on. Then comes the electric zapper collar. Finally, my purple at-home collar is taken off and I know Im going for a walk to the dog park. Im so excited to see my friends. I hope Spike or Thunder are there already.', 'Spot available for the new position'),
('47b90e84-86b3-4275-87d9-599ac948c296', 'ef49e1cb-b3e9-4115-92bc-68f71ca4836c', 'approved', '2022-04-19', 'Was it a whisper or was it the wind? He wasn''t quite sure. He thought he heard a voice but at this moment all he could hear was the wind rustling the leaves of the trees all around him.', 'Ideas submition contest'),
('61cb89b7-320f-4461-9bea-4e78e3ae4f0b', '1b08fc14-d18c-4738-ba76-287285ab79d2', 'approved', '2022-05-02', '\"It was so great to hear from you today and it was such weird timing,\" he said. \"This is going to sound funny and a little strange, but you were in a dream I had just a couple of days ago.', 'Schedule for the next month'),
('71a3d20f-4a48-4369-a2df-8a112c958f6d', 'ef49e1cb-b3e9-4115-92bc-68f71ca4836c', 'waiting', '2022-02-04', 'It all started with the computer. Had he known what was to follow, he would have never logged on that day. But the truth was there was no way to know what was about to happen.', 'Schedule for the next month'),
('7458fab9-37b3-45a5-955a-2eafc1ca4b5f', 'ef49e1cb-b3e9-4115-92bc-68f71ca4836c', 'rejected', '2022-05-03', 'Debbie put her hand into the hole, sliding her hand down as far as her arm could reach. She wiggled her fingers hoping to touch something, but all she felt was air.', '2 free tickets for Alan Walker'),
('80720c0b-4c35-4a78-9058-3c8f4add2c5c', '92edfed8-162e-410c-b8e3-3d6e84906c36', 'approved', '2022-03-17', 'They told her that this was her once chance to show the world what she was made of. She believed them at the time.', 'Date for remodeling our department'),
('8b5eb13a-2d8f-4a49-a8f6-6ad0ce4c0be3', '1b9d6bcd-bbfd-4b2d-9b5d-ab8dfbbd4bed', 'waiting', '2022-04-02', 'It was difficult for him to admit he was wrong. He had been so certain that he was correct and the deeply held belief could never be shaken. Yet the proof that he had been incorrect stood right before his eyes.', 'Schedule the next month'),
('9f4c13dd-f815-4457-988f-b4edc815e492', '1b9d6bcd-bbfd-4b2d-9b5d-ab8dfbbd4bed', 'waiting', '2022-04-25', 'He ordered his regular breakfast. Two eggs sunnyside up, hash browns, and two strips of bacon. He continued to look at the menu wondering if this would be the day he added something new.', 'Upcoming company event'),
('ae75d1af-0820-4b1b-9db2-301235d82416', '9244b6b0-c51a-4fc2-a363-1c7d9b2fa5dc', 'waiting', '2022-05-15', 'There ain''t no gold in this river\nThat I''ve been washin'' my hands in forever\nI know there is hope in these waters\nBut I can''t bring myself to swim\nWhen I am drowning in this silence\nBaby, let me in\nGo easy on me, baby\nI was still a child\nDidn''t get the chance to\nFeel the world around me\nI had no time to choose\nWhat I chose to do\nSo go easy on me\nThere ain''t no room for things to change\nWhen we are both so deeply stuck in our ways\nYou can''t deny how hard I have tried\nI changed who I was to put you both first\nBut now I give up\nGo easy on me, baby\nI was still a child\nDidn''t get the chance to\nFeel the world around me\nHad no time to choose\nWhat I chose to do\nSo go easy on me\nI had good intentions\nAnd the highest hopes\nBut I know right now\nThat probably doesn''t even show\nGo easy on me, baby\nI was still a child\nI didn''t get the chance to\nFeel the world around me\nI had no time to choose\nWhat I chose to do\nSo go easy on me', 'Easy on Me'),
('b153ddec-8e06-4ddc-8229-ff615205c954', '92edfed8-162e-410c-b8e3-3d6e84906c36', 'waiting', '2022-03-28', 'Another option you have is choosing the number of syllables in the words you speak. You probably have never considered this option before, but you have it every time you open your mouth and speak.', 'Spot available for the new position'),
('bc514f46-474a-4d37-bfe4-520e37b00181', '1b08fc14-d18c-4738-ba76-287285ab79d2', 'waiting', '2022-03-23', 'He dropped the ball. While most people would think that this was a metaphor of some type, in Joe''s case it was absolutely literal.', 'Detail for upcoming events'),
('bc8a6ed9-3e13-47c6-9315-181dc7d72aad', '1b08fc14-d18c-4738-ba76-287285ab79d2', 'waiting', '2022-02-27', 'He heard the loud impact before he ever saw the result. It had been so loud that it had actually made him jump back in his seat.', 'Spot available for the new position'),
('bca495b7-d1ba-479c-b372-f9442206e5da', '9244b6b0-c51a-4fc2-a363-1c7d9b2fa5dc', 'waiting', '2022-04-15', 'It''s always good to bring a slower friend with you on a hike. If you happen to come across bears, the whole group doesn''t have to worry.', 'Free Antigen Test Kit!'),
('d63636e5-7755-4cdb-8d2b-1aa65d6a60ef', '1b9d6bcd-bbfd-4b2d-9b5d-ab8dfbbd4bed', 'waiting', '2022-01-06', 'The amber droplet hung from the branch, reaching fullness and ready to drop. It waited. While many of the other droplets were satisfied to form as big as they could and release, this droplet had other plans. It wanted to be part of history.', '2 free tickets for JUSTIN BIEBER JUSTICE WORLD TOUR BANGKOK 2022'),
('d82759fa-428e-409e-8a46-ffb2e189aec4', '1b9d6bcd-bbfd-4b2d-9b5d-ab8dfbbd4bed', 'rejected', '2022-03-11', 'It was a simple green chair. There was nothing extraordinary about it or so it seemed. It was the type of chair one would pass without even noticing it was there, let alone what the actual color of it was.', 'Reschedule for upcoming month'),
('e539f487-e6e1-4c0f-892c-4b1c70e766c5', '58e7bb7b-b8ae-44df-b276-0541a4a5415f', 'waiting', '2022-03-16', 'She looked at her little girl who was about to become a teen. She tried to think back to when the girl had been younger but failed to pinpoint the exact moment when she had become a little too big to pick up and carry.', 'Free Antigen Test Kit!'),
('e6bafc9a-bd92-4840-b519-ec4bc914f309', '1b08fc14-d18c-4738-ba76-287285ab79d2', 'waiting', '2022-05-14', 'There were little things that she simply could not stand. The sound of someone tapping their nails on the table. A person chewing with their mouth open. Another human imposing themselves into her space.', 'Noti1'),
('ee95626f-b1e3-452d-a6de-252c635ea251', '9244b6b0-c51a-4fc2-a363-1c7d9b2fa5dc', 'approved', '2022-03-05', 'It wasn''t quite yet time to panic. There was still time to salvage the situation. At least that is what she was telling himself.', 'Ideas submition contest'),
('f5ac136a-c25f-4d01-9632-ee483f4cd6c9', 'ef49e1cb-b3e9-4115-92bc-68f71ca4836c', 'waiting', '2022-04-01', 'The towels had been hanging from the rod for years. They were stained and worn, and quite frankly, just plain ugly.', 'Schedule the next month'),
('f96cc8b4-705d-460d-acbd-71d6f4831472', '1b9d6bcd-bbfd-4b2d-9b5d-ab8dfbbd4bed', 'approved', '2022-03-21', 'Hopes and dreams were dashed that day. It should have been expected, but it still came as a shock.', 'Reschedule for upcoming month');
INSERT INTO `overtime` (`employeeID`, `clockOut`, `positionID`) VALUES
('1ac39e28-8e18-4a54-b56a-14a53fac104c', '2022-03-09 13:00:03', 'AC002'),
('1ac39e28-8e18-4a54-b56a-14a53fac104c', '2022-04-08 13:00:03', 'AC002'),
('1ac39e28-8e18-4a54-b56a-14a53fac104c', '2022-05-15 08:27:24', 'AC002'),
('1ac39e28-8e18-4a54-b56a-14a53fac104c', '2022-05-15 08:28:08', 'AC002'),
('1ac39e28-8e18-4a54-b56a-14a53fac104c', '2022-05-15 08:28:45', 'AC002'),
('1ac39e28-8e18-4a54-b56a-14a53fac104c', '2022-05-15 08:29:10', 'AC002'),
('1ac39e28-8e18-4a54-b56a-14a53fac104c', '2022-05-15 08:31:27', 'AC002'),
('1ac39e28-8e18-4a54-b56a-14a53fac104c', '2022-05-15 08:31:47', 'AC002'),
('1ac39e28-8e18-4a54-b56a-14a53fac104c', '2022-05-15 08:32:01', 'AC002'),
('1ac39e28-8e18-4a54-b56a-14a53fac104c', '2022-05-15 08:34:38', 'AC002'),
('1ac39e28-8e18-4a54-b56a-14a53fac104c', '2022-05-15 08:34:57', 'AC002'),
('1ac39e28-8e18-4a54-b56a-14a53fac104c', '2022-05-15 08:35:16', 'AC002'),
('1ac39e28-8e18-4a54-b56a-14a53fac104c', '2022-05-15 08:35:19', 'AC002'),
('1ac39e28-8e18-4a54-b56a-14a53fac104c', '2022-05-15 08:36:21', 'AC002'),
('1ac39e28-8e18-4a54-b56a-14a53fac104c', '2022-05-15 08:36:25', 'AC002'),
('1ac39e28-8e18-4a54-b56a-14a53fac104c', '2022-05-15 08:36:28', 'AC002'),
('1ac39e28-8e18-4a54-b56a-14a53fac104c', '2022-05-15 12:34:11', 'AC002'),
('1ac39e28-8e18-4a54-b56a-14a53fac104c', '2022-05-15 12:34:12', 'AC002'),
('1ac39e28-8e18-4a54-b56a-14a53fac104c', '2022-05-15 12:34:13', 'AC002'),
('1ac39e28-8e18-4a54-b56a-14a53fac104c', '2022-05-15 12:34:14', 'AC002'),
('1ac39e28-8e18-4a54-b56a-14a53fac104c', '2022-05-15 12:34:15', 'AC002'),
('1ac39e28-8e18-4a54-b56a-14a53fac104c', '2022-05-15 12:34:16', 'AC002'),
('1ac39e28-8e18-4a54-b56a-14a53fac104c', '2022-05-15 12:34:17', 'AC002'),
('1ac39e28-8e18-4a54-b56a-14a53fac104c', '2022-05-16 04:20:52', 'AC002'),
('1ac39e28-8e18-4a54-b56a-14a53fac104c', '2022-05-16 04:20:53', 'AC002'),
('1ac39e28-8e18-4a54-b56a-14a53fac104c', '2022-05-16 06:54:15', 'AC002'),
('1b08fc14-d18c-4738-ba76-287285ab79d2', '2022-03-04 13:00:03', 'AC001'),
('1b08fc14-d18c-4738-ba76-287285ab79d2', '2022-04-17 13:00:03', 'AC001'),
('1b9d6bcd-bbfd-4b2d-9b5d-ab8dfbbd4bed', '2022-04-01 13:00:03', 'HR001'),
('2097752a-c861-4106-a2f0-83cf91797291', '2022-03-17 13:00:03', 'AC002'),
('38636db6-906e-40df-a61e-15f72d33ae96', '2022-03-17 13:00:03', 'AC003'),
('38636db6-906e-40df-a61e-15f72d33ae96', '2022-03-23 13:00:03', 'AC003'),
('3a10bdeb-5dbd-47ab-86d1-ccd80c7a003b', '2022-03-07 13:00:03', 'AC003'),
('58e7bb7b-b8ae-44df-b276-0541a4a5415f', '2022-03-30 13:00:03', 'AC004'),
('74a7765d-8201-4101-80b6-c35588823d09', '2022-04-22 13:00:03', 'AC004'),
('9244b6b0-c51a-4fc2-a363-1c7d9b2fa5dc', '2022-03-04 13:00:03', 'IT001'),
('9244b6b0-c51a-4fc2-a363-1c7d9b2fa5dc', '2022-03-24 13:00:03', 'IT001'),
('92edfed8-162e-410c-b8e3-3d6e84906c36', '2022-04-08 13:00:03', 'MK001'),
('a14a89c4-81d8-45f6-a066-9b7093ba934e', '2022-03-04 13:00:03', 'IT002'),
('a14a89c4-81d8-45f6-a066-9b7093ba934e', '2022-04-10 13:00:03', 'IT002'),
('b0310411-83b3-4b35-8912-e19634633a5a', '2022-03-24 13:00:03', 'IT002'),
('b0310411-83b3-4b35-8912-e19634633a5a', '2022-04-17 13:00:03', 'IT002'),
('b4ae6215-d26e-4fca-a6bb-2504018f605e', '2022-03-22 13:00:03', 'IT003'),
('b4ae6215-d26e-4fca-a6bb-2504018f605e', '2022-04-15 13:00:03', 'IT003'),
('be6782ba-7b78-4fb9-9e60-06fa20d39eb6', '2022-03-17 13:00:03', 'IT003'),
('be6782ba-7b78-4fb9-9e60-06fa20d39eb6', '2022-03-19 13:00:03', 'IT003'),
('cfcb1bcf-3965-41c4-870e-f000f131e2c5', '2022-03-08 13:00:03', 'MK003'),
('e6c88551-1877-4ee7-b8bd-91f22af8e86f', '2022-04-07 13:00:03', 'MK004'),
('ec1c2b55-f1e4-4871-93cd-1ded4591edd9', '2022-03-09 13:00:03', 'SM003'),
('ec1c2b55-f1e4-4871-93cd-1ded4591edd9', '2022-03-23 13:00:03', 'SM003'),
('ef49e1cb-b3e9-4115-92bc-68f71ca4836c', '2022-04-07 13:00:03', 'SM001'),
('ef49e1cb-b3e9-4115-92bc-68f71ca4836c', '2022-04-09 13:00:03', 'SM001');
INSERT INTO `position` (`positionID`, `departmentID`, `positionName`, `salary`, `clockIn`, `clockOut`) VALUES
('AC001', 'AC000', 'chief financial officer', 43000, '08:00:00', '17:00:00'),
('AC002', 'AC000', 'controller', 37000, '08:00:00', '17:00:00'),
('AC003', 'AC000', 'financial analyst', 34000, '08:00:00', '17:00:00'),
('AC004', 'AC000', 'accountant', 29000, '08:00:00', '17:00:00'),
('HR001', 'HR000', 'HR manager', 42000, '08:00:00', '17:00:00'),
('HR002', 'HR000', 'HR specialist', 37000, '08:00:00', '17:00:00'),
('HR003', 'HR000', 'HR assistant', 32000, '08:00:00', '17:00:00'),
('HR004', 'HR000', 'admin', 48000, '08:00:00', '17:00:00'),
('IT001', 'IT000', 'IT director', 57000, '08:00:00', '17:00:00'),
('IT002', 'IT000', 'information security', 45000, '08:00:00', '17:00:00'),
('IT003', 'IT000', 'IT engineer', 38000, '08:00:00', '17:00:00'),
('MK001', 'MK000', 'chief marketing officer', 58000, '08:00:00', '17:00:00'),
('MK002', 'MK000', 'director of advertising', 49000, '08:00:00', '17:00:00'),
('MK003', 'MK000', 'product marketing', 34000, '08:00:00', '17:00:00'),
('MK004', 'MK000', 'social media coordinator', 32000, '08:00:00', '17:00:00'),
('SM001', 'SM000', 'vice president of sales', 49000, '08:00:00', '17:00:00'),
('SM002', 'SM000', 'sales specialist', 39000, '08:00:00', '17:00:00'),
('SM003', 'SM000', 'sales assistant', 33000, '08:00:00', '17:00:00');
INSERT INTO `promotionhistory` (`employeeID`, `positionName`, `startDate`, `stopDate`, `salary`) VALUES
('11ceb72d-4fdc-407b-91f1-2b53ed3daf85', 'AC002', '2012-10-08', NULL, 37000),
('1ac39e28-8e18-4a54-b56a-14a53fac104c', 'AC002', '2020-10-12', NULL, 37000),
('1b08fc14-d18c-4738-ba76-287285ab79d2', 'AC002', '2015-06-07', '2018-03-22', 37000),
('1b08fc14-d18c-4738-ba76-287285ab79d2', 'AC004', '2012-05-02', '2015-06-06', 29000),
('1b9d6bcd-bbfd-4b2d-9b5d-ab8dfbbd4bed', 'HR001', '2016-04-13', NULL, 42000),
('1b9d6bcd-bbfd-4b2d-9b5d-ab8dfbbd4bed', 'HR002', '2012-06-30', '2016-04-12', 37000),
('2097752a-c861-4106-a2f0-83cf91797291', 'AC002', '2020-10-12', NULL, 37000),
('275acbe3-87c4-48ac-bb95-955b71659f01', 'SM002', '2015-04-10', NULL, 39000),
('275acbe3-87c4-48ac-bb95-955b71659f01', 'SM003', '2012-02-21', '2015-04-09', 33000),
('2af7ad12-85d8-4adc-9a3e-59947899693d', 'AC003', '2017-03-20', NULL, 34000),
('3446591a-17c5-492c-8410-5321635e2a8c', 'IT002', '2016-09-22', NULL, 45000),
('38636db6-906e-40df-a61e-15f72d33ae96', 'AC003', '2020-09-17', NULL, 34000),
('3a10bdeb-5dbd-47ab-86d1-ccd80c7a003b', 'AC003', '2020-09-17', NULL, 34000),
('54dbbb35-c06e-490a-905e-2a333027fc7f', 'AC002', '2013-04-06', NULL, 37000),
('58e7bb7b-b8ae-44df-b276-0541a4a5415f', 'AC004', '2019-04-10', NULL, 29000),
('72493602-8194-4ed3-ae6c-bb9efa7fa6c5', 'SM002', '2013-11-08', NULL, 39000),
('73e65e54-fb6e-4818-b6b2-336ce58bcd0b', 'HR002', '2016-05-12', NULL, 37000),
('73e65e54-fb6e-4818-b6b2-336ce58bcd0b', 'HR003', '2012-04-21', '2016-05-11', 32000),
('74a7765d-8201-4101-80b6-c35588823d09', 'AC004', '2019-04-10', NULL, 29000),
('8b340ac6-59c4-4ac3-8e13-f45f1d97c5da', 'MK003', '2016-09-25', NULL, 34000),
('9244b6b0-c51a-4fc2-a363-1c7d9b2fa5dc', 'IT001', '2017-11-04', NULL, 57000),
('9244b6b0-c51a-4fc2-a363-1c7d9b2fa5dc', 'IT003', '2012-05-02', '2017-11-03', 38000),
('92edfed8-162e-410c-b8e3-3d6e84906c36', 'MK001', '2020-11-13', NULL, 58000),
('92edfed8-162e-410c-b8e3-3d6e84906c36', 'MK002', '2016-01-24', '2020-11-12', 49000),
('92edfed8-162e-410c-b8e3-3d6e84906c36', 'MK003', '2012-05-02', '2016-01-23', 34000),
('93e40a60-7c41-4589-88bf-acc50edf8e48', 'AC002', '2013-05-08', NULL, 37000),
('a14a89c4-81d8-45f6-a066-9b7093ba934e', 'IT002', '2019-03-28', NULL, 45000),
('b0310411-83b3-4b35-8912-e19634633a5a', 'IT002', '2019-03-28', NULL, 45000),
('b4ae6215-d26e-4fca-a6bb-2504018f605e', 'IT003', '2020-05-02', NULL, 38000),
('be6782ba-7b78-4fb9-9e60-06fa20d39eb6', 'IT003', '2020-05-02', NULL, 38000),
('c9a14ba8-79d4-4709-bb83-d31c8325d97c', 'AC002', '2015-11-22', NULL, 37000),
('cfcb1bcf-3965-41c4-870e-f000f131e2c5', 'MK003', '2019-10-14', NULL, 34000),
('de30c262-2123-4c7c-9684-b6d3de64ba33', 'SM003', '2015-08-30', NULL, 33000),
('e6c88551-1877-4ee7-b8bd-91f22af8e86f', 'MK004', '2019-07-16', NULL, 32000),
('eb201c0f-62b8-4907-b95b-c028d9b79c70', 'AC002', '2015-11-22', NULL, 37000),
('ec1c2b55-f1e4-4871-93cd-1ded4591edd9', 'SM003', '2019-01-23', NULL, 33000),
('ef49e1cb-b3e9-4115-92bc-68f71ca4836c', 'SM001', '2016-08-20', NULL, 49000),
('ef49e1cb-b3e9-4115-92bc-68f71ca4836c', 'SM002', '2012-05-02', '2016-08-19', 39000),
('f44afcda-b57b-4b08-8e9b-6a53c97ab34c', 'MK003', '2016-09-25', NULL, 34000),
('f464d3d6-2864-49db-a104-2698ee67e2cf', 'AC002', '2013-05-08', NULL, 999999);
INSERT INTO `requestbooking` (`requestID`, `confirmationDate`, `status`, `managerNote`) VALUES
('017d8e29-4acd-4fef-8712-78011dc90ee2', '2022-02-14 09:44:27', 'approved', NULL),
('0fecfb35-6d04-44f2-9b0f-3326e5273fbf', '2022-01-08 10:23:27', 'rejected', 'Documents are not available for request'),
('381b36f1-bf40-4da2-8283-77584ac51756', '2022-03-30 12:17:54', 'approved', NULL),
('4a0d9827-6d69-4441-bd75-a7280ddac9a4', '2022-01-04 10:50:27', 'approved', NULL),
('54b6edca-f16d-451e-9b0a-b8a8cd4e40ce', '2022-02-24 06:23:27', 'approved', NULL),
('54d96fc2-597d-4d08-8919-991a7544ae3c', '2022-04-13 10:08:11', 'approved', NULL),
('73613bda-04d9-4360-825e-abfc2b3d9680', '2022-03-06 10:14:05', 'rejected', 'Documents are not available for request'),
('82d8a606-cd6a-48d6-b0cb-90cb42c332ab', '2022-04-19 09:03:54', 'approved', NULL),
('85863296-6da8-438a-a8df-0cd0708bcbe0', '2022-04-24 10:09:03', 'approved', NULL),
('9244b6b0-c51a-4fc2-a363-1c7d9b2fa5dc', '2022-05-03 13:06:38', 'approved', NULL),
('95969bfa-d898-47a5-a0f9-dfbee3581fba', '2022-04-11 10:12:00', 'approved', NULL),
('c65cd05c-37fb-4b94-82c6-1f46ae493b96', '2022-04-23 08:06:51', 'rejected', 'Documents are not available for request'),
('d7b94880-2fa4-4761-8d00-77929ad53d56', '2022-04-29 10:12:31', 'approved', NULL),
('eb834959-ba26-4d50-8658-9ea0c7ceb3d8', '2022-04-20 08:34:27', 'approved', NULL),
('ef178096-a7be-4667-9d7d-9aa9a5c5ab18', '2022-05-13 10:12:58', 'approved', NULL),
('f7b93994-934e-4553-9624-927fa9a39897', '2022-04-10 10:13:40', 'approved', NULL);
INSERT INTO `userrole` (`roleID`, `roleName`) VALUES
('4b921f05-f7a4-4ed5-b791-2be219bc23de', 'employee'),
('5fe1ad69-98e9-4d44-a9fd-b81904fb8682', 'admin'),
('79c4b680-de34-4923-aee3-21152bdc5561', 'HR manager'),
('9d57480b-8a19-4218-a839-673169b31855', 'manager');
CREATE ALGORITHM=UNDEFINED DEFINER=`b3c6b9362228e6`@`%` SQL SECURITY DEFINER VIEW `dailytime_view` AS select `daily`.`employeeID` AS `employeeID`,`daily`.`date` AS `date`,`daily`.`clockIn` AS `clockIn`,`daily`.`clockOut` AS `clockOut`,`daily`.`type` AS `type`,(case when (`daily`.`type` = 'late') then minute(timediff(cast(`daily`.`clockIn` as time),`pos`.`clockIn`)) when (`daily`.`type` = 'earlyLeave') then minute(timediff(`pos`.`clockOut`,cast(`daily`.`clockOut` as time))) end) AS `lateHrs` from ((`promotionhistory` `pro` join `dailytime` `daily` on((`pro`.`employeeID` = `daily`.`employeeID`))) left join `position` `pos` on((`pro`.`positionName` = `pos`.`positionName`))) where isnull(`pro`.`stopDate`);
CREATE ALGORITHM=UNDEFINED DEFINER=`b3c6b9362228e6`@`%` SQL SECURITY DEFINER VIEW `deduction_view` AS select `dailytime_view`.`employeeID` AS `employeeID`,`dailytime_view`.`date` AS `date`,`dailytime_view`.`type` AS `type`,cast(((`pro`.`salary` / 30) * count((case when (`dailytime_view`.`type` = 'absent') then `dailytime_view`.`date` else NULL end))) as decimal(10,2)) AS `absentDeduct`,cast(((((`pro`.`salary` / 30) / 8) / 60) * `dailytime_view`.`lateHrs`) as decimal(10,2)) AS `lateEarlyDeduct` from (`dailytime_view` join `promotionhistory` `pro` on((`dailytime_view`.`employeeID` = `pro`.`employeeID`))) where (isnull(`pro`.`stopDate`) and (not((`dailytime_view`.`type` like '%normal%')))) group by `dailytime_view`.`date`,`dailytime_view`.`type`;
CREATE ALGORITHM=UNDEFINED DEFINER=`b3c6b9362228e6`@`%` SQL SECURITY DEFINER VIEW `otcalculate` AS select `overtime`.`employeeID` AS `employeeID`,`overtime`.`clockOut` AS `clockOut`,`overtime`.`positionID` AS `positionID`,hour(timediff(cast(`overtime`.`clockOut` as time),`position`.`clockOut`)) AS `OTHrs`,((((`position`.`salary` / 30) / 8) * 1.5) * hour(timediff(cast(`overtime`.`clockOut` as time),`position`.`clockOut`))) AS `OTincome` from ((`overtime` join `position` on((`overtime`.`positionID` = `position`.`positionID`))) left join `dailytime` on(((`overtime`.`employeeID` = `dailytime`.`employeeID`) and (cast(`overtime`.`clockOut` as date) = `dailytime`.`date`))));
CREATE ALGORITHM=UNDEFINED DEFINER=`b3c6b9362228e6`@`%` SQL SECURITY DEFINER VIEW `overleave` AS select `info`.`employeeID` AS `employeeID`,`leavetype`.`leaveName` AS `leaveName`,(case when ((`leavetype`.`leaveName` = 'sick leave') and (`info`.`sickRemain` < 0)) then cast(abs(((`pro`.`salary` / 30) * `info`.`sickRemain`)) as decimal(10,2)) when ((`leavetype`.`leaveName` = 'personal leave') and (`info`.`personalRemain` < 0)) then cast(abs(((`pro`.`salary` / 30) * `info`.`personalRemain`)) as decimal(10,2)) when ((`leavetype`.`leaveName` = 'vacation leave') and (`info`.`vacationRemain` < 0)) then cast(abs(((`pro`.`salary` / 30) * `info`.`vacationRemain`)) as decimal(10,2)) when ((`leavetype`.`leaveName` = 'maternity leave') and (`info`.`maternityRemain` < 0)) then cast(abs(((`pro`.`salary` / 30) * `info`.`maternityRemain`)) as decimal(10,2)) end) AS `overLeaveDeduct` from (`leavetype` join (`information` `info` join `promotionhistory` `pro` on((`info`.`employeeID` = `pro`.`employeeID`))));



CREATE INDEX `deduction_employeeID` ON `deduction` (`employeeID`);
CREATE INDEX `documentrequest_employeeID` ON `documentrequest` (`employeeID`);
CREATE INDEX `documentrequest_documentID` ON `documentrequest` (`documentID`);
CREATE INDEX `information_roleID` ON `information` (`roleID`);
CREATE INDEX `leaveapplication_employeeID` ON `leaveapplication` (`employeeID`);
CREATE INDEX `leaveapplication_leaveID` ON `leaveapplication` (`leaveID`);
CREATE INDEX `notification_senderID` ON `notification` (`senderID`);
CREATE INDEX `overtime_positionID` ON `overtime` (`positionID`);
CREATE INDEX `position_departmentID` ON `position` (`departmentID`);

COMMIT;
PRAGMA ignore_check_constraints = ON;
PRAGMA foreign_keys = ON;
PRAGMA journal_mode = WAL;
PRAGMA synchronous = NORMAL;
